plan_type,country,month,play_count,unique_listeners
Family,Argentina,2006-03,260,1
Family,Argentina,2006-04,580,1
Family,Argentina,2006-05,1907,2
Family,Argentina,2006-06,1086,2
Family,Argentina,2006-07,1385,2
Family,Argentina,2006-08,1708,2
Family,Argentina,2006-09,1982,2
Family,Argentina,2006-10,1848,2
Family,Argentina,2006-11,1683,2
Family,Argentina,2006-12,2091,2
Family,Argentina,2007-01,2184,2
Family,Argentina,2007-02,1803,2
Family,Argentina,2007-03,1263,2
Family,Argentina,2007-04,623,2
Family,Argentina,2007-05,1716,2
Family,Argentina,2007-06,1824,2
Family,Argentina,2007-07,1585,2
Family,Argentina,2007-08,3023,2
Family,Argentina,2007-09,3020,2
Family,Argentina,2007-10,2874,2
Family,Argentina,2007-11,2308,2
Family,Argentina,2007-12,2276,2
Family,Argentina,2008-01,2078,2
Family,Argentina,2008-02,2235,2
Family,Argentina,2008-03,2241,2
Family,Argentina,2008-04,1902,2
Family,Argentina,2008-05,2031,2
Family,Argentina,2008-06,1907,2
Family,Argentina,2008-07,1286,2
Family,Argentina,2008-08,1345,2
Family,Argentina,2008-09,1331,2
Family,Argentina,2008-10,1068,2
Family,Argentina,2008-11,1589,2
Family,Argentina,2008-12,1586,2
Family,Argentina,2009-01,1139,2
Family,Argentina,2009-02,1176,2
Family,Argentina,2009-03,1524,2
Family,Argentina,2009-04,1461,2
Family,Argentina,2009-05,1013,1
Family,Australia,2006-02,130,1
Family,Australia,2006-03,622,1
Family,Australia,2006-04,541,1
Family,Australia,2006-05,339,1
Family,Australia,2006-06,364,1
Family,Australia,2006-07,322,1
Family,Australia,2006-08,222,1
Family,Australia,2006-09,264,1
Family,Australia,2006-10,628,1
Family,Australia,2006-11,762,1
Family,Australia,2006-12,722,1
Family,Australia,2007-01,782,1
Family,Australia,2007-02,1615,2
Family,Australia,2007-03,7492,2
Family,Australia,2007-04,5990,2
Family,Australia,2007-05,3712,2
Family,Australia,2007-06,3152,2
Family,Australia,2007-07,1020,2
Family,Australia,2007-08,907,2
Family,Australia,2007-09,2033,2
Family,Australia,2007-10,2589,3
Family,Australia,2007-11,6751,3
Family,Australia,2007-12,10484,3
Family,Australia,2008-01,8458,3
Family,Australia,2008-02,4561,3
Family,Australia,2008-03,4478,3
Family,Australia,2008-04,4087,3
Family,Australia,2008-05,3915,3
Family,Australia,2008-06,3524,3
Family,Australia,2008-07,4553,3
Family,Australia,2008-08,3835,3
Family,Australia,2008-09,3592,3
Family,Australia,2008-10,3825,3
Family,Australia,2008-11,2907,3
Family,Australia,2008-12,1737,3
Family,Australia,2009-01,1738,3
Family,Australia,2009-02,1419,3
Family,Australia,2009-03,1254,3
Family,Australia,2009-04,966,2
Family,Australia,2009-05,1,1
Family,Austria,2005-12,352,1
Family,Austria,2006-01,2916,1
Family,Austria,2006-02,534,1
Family,Austria,2006-03,1891,1
Family,Austria,2006-04,1945,1
Family,Austria,2006-05,1079,1
Family,Austria,2006-06,1594,1
Family,Austria,2006-07,1559,1
Family,Austria,2006-08,1682,1
Family,Austria,2006-09,603,1
Family,Austria,2006-10,936,1
Family,Austria,2006-11,867,1
Family,Austria,2006-12,1644,1
Family,Austria,2007-01,815,1
Family,Austria,2007-02,757,1
Family,Austria,2007-03,504,1
Family,Austria,2007-04,629,1
Family,Austria,2007-05,902,1
Family,Austria,2007-06,794,1
Family,Austria,2007-07,1416,1
Family,Austria,2007-08,891,1
Family,Austria,2007-09,940,1
Family,Austria,2007-10,1281,1
Family,Austria,2007-11,948,1
Family,Austria,2007-12,1360,1
Family,Austria,2008-01,1121,1
Family,Austria,2008-02,1221,1
Family,Austria,2008-03,2520,1
Family,Austria,2008-04,2416,1
Family,Austria,2008-05,1276,1
Family,Austria,2008-06,902,1
Family,Austria,2008-07,425,1
Family,Austria,2008-08,970,1
Family,Austria,2008-09,353,1
Family,Austria,2008-10,552,1
Family,Austria,2008-11,855,1
Family,Austria,2008-12,326,1
Family,Austria,2009-01,2004,1
Family,Austria,2009-02,1565,1
Family,Austria,2009-03,619,1
Family,Austria,2009-04,418,1
Family,Austria,2009-05,24,1
Family,Belgium,2005-08,288,1
Family,Belgium,2005-09,325,1
Family,Belgium,2005-10,382,1
Family,Belgium,2005-11,368,1
Family,Belgium,2005-12,240,1
Family,Belgium,2006-01,283,1
Family,Belgium,2006-02,575,1
Family,Belgium,2006-03,615,1
Family,Belgium,2006-04,580,1
Family,Belgium,2006-05,565,1
Family,Belgium,2006-06,403,1
Family,Belgium,2006-07,435,1
Family,Belgium,2006-08,502,1
Family,Belgium,2006-09,927,1
Family,Belgium,2006-10,826,1
Family,Belgium,2006-11,503,1
Family,Belgium,2006-12,557,1
Family,Belgium,2007-01,373,1
Family,Belgium,2007-02,1425,1
Family,Belgium,2007-03,1541,1
Family,Belgium,2007-04,1118,1
Family,Belgium,2007-05,1501,1
Family,Belgium,2007-06,1310,1
Family,Belgium,2007-07,977,1
Family,Belgium,2007-08,1137,1
Family,Belgium,2007-09,655,1
Family,Belgium,2007-10,895,1
Family,Belgium,2007-11,630,1
Family,Belgium,2008-01,959,1
Family,Belgium,2008-02,737,1
Family,Belgium,2008-03,612,1
Family,Belgium,2008-04,615,1
Family,Belgium,2008-05,713,1
Family,Belgium,2008-06,511,1
Family,Belgium,2008-07,243,1
Family,Belgium,2008-08,629,1
Family,Belgium,2008-09,911,1
Family,Belgium,2008-10,113,1
Family,Belgium,2008-11,75,1
Family,Belgium,2008-12,363,1
Family,Belgium,2009-01,630,1
Family,Belgium,2009-02,476,1
Family,Belgium,2009-03,632,1
Family,Belgium,2009-04,827,1
Family,Belgium,2009-05,980,1
Family,Brazil,2006-03,489,1
Family,Brazil,2006-04,489,1
Family,Brazil,2006-05,190,1
Family,Brazil,2006-06,148,1
Family,Brazil,2006-07,13,1
Family,Brazil,2006-08,19,1
Family,Brazil,2006-09,25,1
Family,Brazil,2006-10,17,1
Family,Brazil,2006-11,49,1
Family,Brazil,2006-12,133,1
Family,Brazil,2007-01,1271,1
Family,Brazil,2007-02,1086,1
Family,Brazil,2007-03,710,1
Family,Brazil,2007-04,928,1
Family,Brazil,2007-05,989,1
Family,Brazil,2007-06,2293,2
Family,Brazil,2007-07,3574,2
Family,Brazil,2007-08,3932,2
Family,Brazil,2007-09,2876,2
Family,Brazil,2007-10,1733,2
Family,Brazil,2007-11,360,1
Family,Brazil,2007-12,2391,1
Family,Brazil,2008-01,1064,1
Family,Brazil,2008-02,1353,2
Family,Brazil,2008-03,1834,2
Family,Brazil,2008-04,2515,2
Family,Brazil,2008-05,2841,2
Family,Brazil,2008-06,2757,2
Family,Brazil,2008-07,4044,2
Family,Brazil,2008-08,4710,2
Family,Brazil,2008-09,4416,2
Family,Brazil,2008-10,5898,2
Family,Brazil,2008-11,4049,2
Family,Brazil,2008-12,3119,2
Family,Brazil,2009-01,2234,2
Family,Brazil,2009-02,860,2
Family,Brazil,2009-03,938,2
Family,Brazil,2009-04,1835,2
Family,Brazil,2009-05,934,1
Family,British Indian Ocean Territory,2005-11,29,1
Family,British Indian Ocean Territory,2005-12,57,1
Family,British Indian Ocean Territory,2006-05,51,1
Family,British Indian Ocean Territory,2006-06,229,1
Family,British Indian Ocean Territory,2006-07,1886,1
Family,British Indian Ocean Territory,2006-08,1885,1
Family,British Indian Ocean Territory,2006-09,1653,1
Family,British Indian Ocean Territory,2006-10,2069,1
Family,British Indian Ocean Territory,2006-11,3158,1
Family,British Indian Ocean Territory,2006-12,2190,1
Family,British Indian Ocean Territory,2007-01,3406,1
Family,British Indian Ocean Territory,2007-02,1739,1
Family,British Indian Ocean Territory,2007-03,1605,1
Family,British Indian Ocean Territory,2007-04,154,1
Family,British Indian Ocean Territory,2007-05,190,1
Family,British Indian Ocean Territory,2007-06,34,1
Family,British Indian Ocean Territory,2007-07,50,1
Family,British Indian Ocean Territory,2007-08,3,1
Family,British Indian Ocean Territory,2007-12,84,1
Family,British Indian Ocean Territory,2008-11,46,1
Family,British Indian Ocean Territory,2008-12,200,1
Family,British Indian Ocean Territory,2009-01,460,1
Family,British Indian Ocean Territory,2009-02,833,1
Family,British Indian Ocean Territory,2009-03,326,1
Family,British Indian Ocean Territory,2009-04,8,1
Family,Canada,2005-09,465,1
Family,Canada,2005-10,2389,2
Family,Canada,2005-11,1980,2
Family,Canada,2005-12,1830,2
Family,Canada,2006-01,667,2
Family,Canada,2006-02,807,2
Family,Canada,2006-03,1828,2
Family,Canada,2006-04,1490,2
Family,Canada,2006-05,1352,2
Family,Canada,2006-06,1884,2
Family,Canada,2006-07,1999,2
Family,Canada,2006-08,3610,3
Family,Canada,2006-09,3879,3
Family,Canada,2006-10,5603,3
Family,Canada,2006-11,3835,4
Family,Canada,2006-12,4117,4
Family,Canada,2007-01,6887,4
Family,Canada,2007-02,4535,4
Family,Canada,2007-03,5767,4
Family,Canada,2007-04,4270,5
Family,Canada,2007-05,5244,4
Family,Canada,2007-06,4427,4
Family,Canada,2007-07,4881,5
Family,Canada,2007-08,2805,5
Family,Canada,2007-09,3576,5
Family,Canada,2007-10,4433,6
Family,Canada,2007-11,6184,6
Family,Canada,2007-12,7066,6
Family,Canada,2008-01,6347,6
Family,Canada,2008-02,7301,6
Family,Canada,2008-03,8128,6
Family,Canada,2008-04,4655,5
Family,Canada,2008-05,8535,6
Family,Canada,2008-06,12921,6
Family,Canada,2008-07,16098,6
Family,Canada,2008-08,13352,6
Family,Canada,2008-09,10384,6
Family,Canada,2008-10,6825,6
Family,Canada,2008-11,4579,6
Family,Canada,2008-12,6053,6
Family,Canada,2009-01,5763,5
Family,Canada,2009-02,5789,5
Family,Canada,2009-03,7305,5
Family,Canada,2009-04,4402,6
Family,Canada,2009-05,1623,5
Family,Chile,2005-10,256,1
Family,Chile,2005-11,1153,1
Family,Chile,2005-12,1197,1
Family,Chile,2006-01,422,1
Family,Chile,2006-02,657,1
Family,Chile,2006-03,789,1
Family,Chile,2006-04,803,1
Family,Chile,2006-05,767,1
Family,Chile,2006-06,1067,1
Family,Chile,2006-07,918,1
Family,Chile,2006-08,622,1
Family,Chile,2006-09,580,2
Family,Chile,2006-10,956,2
Family,Chile,2006-11,1917,2
Family,Chile,2006-12,3899,3
Family,Chile,2007-01,6768,4
Family,Chile,2007-02,7541,4
Family,Chile,2007-03,7315,4
Family,Chile,2007-04,7319,4
Family,Chile,2007-05,7189,4
Family,Chile,2007-06,4967,4
Family,Chile,2007-07,5404,4
Family,Chile,2007-08,5739,4
Family,Chile,2007-09,4096,4
Family,Chile,2007-10,3892,4
Family,Chile,2007-11,5587,4
Family,Chile,2007-12,3634,4
Family,Chile,2008-01,4828,4
Family,Chile,2008-02,3140,4
Family,Chile,2008-03,2996,4
Family,Chile,2008-04,2014,4
Family,Chile,2008-05,2893,3
Family,Chile,2008-06,2116,4
Family,Chile,2008-07,2758,4
Family,Chile,2008-08,4041,3
Family,Chile,2008-09,3710,3
Family,Chile,2008-10,3204,3
Family,Chile,2008-11,3457,3
Family,Chile,2008-12,2612,3
Family,Chile,2009-01,1777,3
Family,Chile,2009-02,1895,2
Family,Chile,2009-03,2728,3
Family,Chile,2009-04,3612,4
Family,Chile,2009-05,2202,4
Family,Colombia,2006-09,69,1
Family,Colombia,2006-10,561,1
Family,Colombia,2006-11,474,1
Family,Colombia,2006-12,386,1
Family,Colombia,2007-01,340,1
Family,Colombia,2007-02,508,1
Family,Colombia,2007-03,513,1
Family,Colombia,2007-04,516,1
Family,Colombia,2007-05,1542,1
Family,Colombia,2007-06,1253,1
Family,Colombia,2007-07,1311,1
Family,Colombia,2007-08,1119,1
Family,Colombia,2007-09,1182,1
Family,Colombia,2007-10,2479,1
Family,Colombia,2007-11,1304,1
Family,Colombia,2007-12,1485,1
Family,Colombia,2008-01,665,1
Family,Colombia,2008-02,1704,1
Family,Colombia,2008-03,2525,1
Family,Colombia,2008-04,1171,1
Family,Colombia,2008-05,1054,1
Family,Colombia,2008-06,201,1
Family,Colombia,2008-07,58,1
Family,Colombia,2008-08,432,1
Family,Colombia,2008-09,1194,1
Family,Colombia,2008-10,52,1
Family,Colombia,2008-12,14,1
Family,Colombia,2009-01,269,1
Family,Colombia,2009-02,444,1
Family,Colombia,2009-03,1002,1
Family,Colombia,2009-04,785,1
Family,Colombia,2009-05,866,1
Family,Czech Republic,2005-12,580,1
Family,Czech Republic,2006-01,1446,2
Family,Czech Republic,2006-02,1751,2
Family,Czech Republic,2006-03,1154,2
Family,Czech Republic,2006-04,1854,2
Family,Czech Republic,2006-05,1631,2
Family,Czech Republic,2006-06,1569,2
Family,Czech Republic,2006-07,1717,2
Family,Czech Republic,2006-08,1380,3
Family,Czech Republic,2006-09,2307,3
Family,Czech Republic,2006-10,1800,3
Family,Czech Republic,2006-11,2134,3
Family,Czech Republic,2006-12,2644,3
Family,Czech Republic,2007-01,2456,3
Family,Czech Republic,2007-02,2971,3
Family,Czech Republic,2007-03,3219,3
Family,Czech Republic,2007-04,3128,3
Family,Czech Republic,2007-05,3110,3
Family,Czech Republic,2007-06,2684,3
Family,Czech Republic,2007-07,2719,3
Family,Czech Republic,2007-08,2372,3
Family,Czech Republic,2007-09,2648,3
Family,Czech Republic,2007-10,2949,3
Family,Czech Republic,2007-11,2615,3
Family,Czech Republic,2007-12,2120,3
Family,Czech Republic,2008-01,2727,3
Family,Czech Republic,2008-02,3270,3
Family,Czech Republic,2008-03,2957,3
Family,Czech Republic,2008-04,4897,4
Family,Czech Republic,2008-05,5759,4
Family,Czech Republic,2008-06,5552,4
Family,Czech Republic,2008-07,5203,4
Family,Czech Republic,2008-08,4621,4
Family,Czech Republic,2008-09,4446,4
Family,Czech Republic,2008-10,4714,4
Family,Czech Republic,2008-11,4866,4
Family,Czech Republic,2008-12,2849,4
Family,Czech Republic,2009-01,3838,4
Family,Czech Republic,2009-02,4330,4
Family,Czech Republic,2009-03,3885,4
Family,Czech Republic,2009-04,4023,4
Family,Czech Republic,2009-05,139,2
Family,Estonia,2007-07,1201,1
Family,Estonia,2007-08,1066,1
Family,Estonia,2007-09,2945,1
Family,Estonia,2007-10,2438,1
Family,Estonia,2007-11,2320,1
Family,Estonia,2007-12,732,1
Family,Estonia,2008-01,1277,1
Family,Estonia,2008-02,2259,1
Family,Estonia,2008-03,1722,1
Family,Estonia,2008-04,834,1
Family,Estonia,2008-05,1123,1
Family,Estonia,2008-06,991,1
Family,Estonia,2008-07,823,1
Family,Estonia,2008-08,197,1
Family,Estonia,2008-09,1462,1
Family,Estonia,2008-10,920,1
Family,Estonia,2008-11,1512,1
Family,Estonia,2008-12,504,1
Family,Estonia,2009-01,281,1
Family,Estonia,2009-02,678,1
Family,Estonia,2009-03,48,1
Family,Estonia,2009-04,348,1
Family,Estonia,2009-05,1,1
Family,Finland,2005-02,296,2
Family,Finland,2005-03,1397,3
Family,Finland,2005-04,2801,3
Family,Finland,2005-05,2416,4
Family,Finland,2005-06,3856,5
Family,Finland,2005-07,3420,5
Family,Finland,2005-08,4880,5
Family,Finland,2005-09,4310,5
Family,Finland,2005-10,4272,5
Family,Finland,2005-11,4556,5
Family,Finland,2005-12,4894,6
Family,Finland,2006-01,4986,6
Family,Finland,2006-02,6509,6
Family,Finland,2006-03,11133,7
Family,Finland,2006-04,8233,7
Family,Finland,2006-05,8195,7
Family,Finland,2006-06,4228,7
Family,Finland,2006-07,2770,6
Family,Finland,2006-08,2097,6
Family,Finland,2006-09,3540,8
Family,Finland,2006-10,3294,8
Family,Finland,2006-11,4714,8
Family,Finland,2006-12,6681,8
Family,Finland,2007-01,5545,9
Family,Finland,2007-02,5792,9
Family,Finland,2007-03,6592,9
Family,Finland,2007-04,7155,9
Family,Finland,2007-05,8176,10
Family,Finland,2007-06,6502,9
Family,Finland,2007-07,8750,9
Family,Finland,2007-08,8315,9
Family,Finland,2007-09,8946,9
Family,Finland,2007-10,6088,9
Family,Finland,2007-11,8884,10
Family,Finland,2007-12,5748,9
Family,Finland,2008-01,7935,10
Family,Finland,2008-02,10810,10
Family,Finland,2008-03,9953,9
Family,Finland,2008-04,10326,9
Family,Finland,2008-05,10893,10
Family,Finland,2008-06,5872,10
Family,Finland,2008-07,6207,10
Family,Finland,2008-08,7702,10
Family,Finland,2008-09,8093,10
Family,Finland,2008-10,7691,9
Family,Finland,2008-11,7979,9
Family,Finland,2008-12,8061,10
Family,Finland,2009-01,9948,10
Family,Finland,2009-02,8307,10
Family,Finland,2009-03,7661,10
Family,Finland,2009-04,6487,10
Family,Finland,2009-05,3498,8
Family,France,2005-12,303,1
Family,France,2006-01,821,1
Family,France,2006-02,278,1
Family,France,2006-03,876,1
Family,France,2006-04,747,1
Family,France,2006-05,1037,1
Family,France,2006-06,1240,1
Family,France,2006-07,2656,1
Family,France,2006-08,1323,1
Family,France,2006-09,779,1
Family,France,2006-10,232,1
Family,France,2006-11,478,1
Family,France,2006-12,653,1
Family,France,2007-01,2668,1
Family,France,2007-02,2051,1
Family,France,2007-03,1720,1
Family,France,2007-04,1608,1
Family,France,2007-05,1729,1
Family,France,2007-06,465,1
Family,France,2008-12,1,1
Family,Germany,2005-02,885,1
Family,Germany,2005-03,919,1
Family,Germany,2005-05,956,1
Family,Germany,2005-06,2140,1
Family,Germany,2005-07,1756,1
Family,Germany,2005-08,971,1
Family,Germany,2005-09,973,1
Family,Germany,2005-10,1020,1
Family,Germany,2005-11,741,1
Family,Germany,2005-12,1538,1
Family,Germany,2006-01,2485,2
Family,Germany,2006-02,4647,4
Family,Germany,2006-03,2810,4
Family,Germany,2006-04,2794,5
Family,Germany,2006-05,8915,7
Family,Germany,2006-06,6946,7
Family,Germany,2006-07,11573,7
Family,Germany,2006-08,9729,7
Family,Germany,2006-09,6570,7
Family,Germany,2006-10,7942,7
Family,Germany,2006-11,6024,7
Family,Germany,2006-12,7260,7
Family,Germany,2007-01,8914,8
Family,Germany,2007-02,8539,8
Family,Germany,2007-03,9616,8
Family,Germany,2007-04,7021,8
Family,Germany,2007-05,8301,8
Family,Germany,2007-06,7422,8
Family,Germany,2007-07,6450,8
Family,Germany,2007-08,7517,8
Family,Germany,2007-09,6732,9
Family,Germany,2007-10,11126,9
Family,Germany,2007-11,10888,9
Family,Germany,2007-12,10738,9
Family,Germany,2008-01,9146,8
Family,Germany,2008-02,5879,8
Family,Germany,2008-03,7856,8
Family,Germany,2008-04,6627,8
Family,Germany,2008-05,12111,9
Family,Germany,2008-06,10468,9
Family,Germany,2008-07,9569,9
Family,Germany,2008-08,10644,9
Family,Germany,2008-09,9293,9
Family,Germany,2008-10,10621,10
Family,Germany,2008-11,10233,9
Family,Germany,2008-12,8859,10
Family,Germany,2009-01,9220,10
Family,Germany,2009-02,8748,10
Family,Germany,2009-03,9281,8
Family,Germany,2009-04,6400,10
Family,Germany,2009-05,373,6
Family,Hungary,2007-01,457,1
Family,Hungary,2007-02,1363,1
Family,Hungary,2007-03,1217,1
Family,Hungary,2007-04,1435,1
Family,Hungary,2007-05,1322,1
Family,Hungary,2007-06,1477,1
Family,Hungary,2007-07,1306,1
Family,Hungary,2007-08,1773,1
Family,Hungary,2007-09,1767,1
Family,Hungary,2007-10,1520,1
Family,Hungary,2007-11,2151,1
Family,Hungary,2007-12,1906,1
Family,Hungary,2008-01,1582,1
Family,Hungary,2008-02,1199,1
Family,Hungary,2008-03,1769,1
Family,Hungary,2008-04,1604,1
Family,Hungary,2008-05,1773,1
Family,Hungary,2008-06,1404,1
Family,Hungary,2008-07,1362,1
Family,Hungary,2008-08,1128,1
Family,Hungary,2008-09,1406,1
Family,Hungary,2008-10,1632,1
Family,Hungary,2008-11,1217,1
Family,Hungary,2008-12,1000,1
Family,Hungary,2009-01,958,1
Family,Hungary,2009-02,1017,1
Family,Hungary,2009-03,1217,1
Family,Hungary,2009-04,1181,1
Family,Hungary,2009-05,219,1
Family,Iceland,2006-03,996,1
Family,Iceland,2006-04,2689,1
Family,Iceland,2006-05,2132,1
Family,Iceland,2006-06,1763,1
Family,Iceland,2006-07,1171,1
Family,Iceland,2006-08,1036,1
Family,Iceland,2006-09,906,1
Family,Iceland,2006-10,1573,1
Family,Iceland,2006-11,1123,1
Family,Iceland,2006-12,1554,1
Family,Iceland,2007-01,152,1
Family,Iceland,2007-02,1077,1
Family,Iceland,2007-03,345,1
Family,Iceland,2007-04,2101,1
Family,Iceland,2007-05,1174,1
Family,Iceland,2007-06,167,1
Family,Iceland,2007-07,1049,1
Family,Iceland,2007-08,1364,1
Family,Iceland,2007-09,58,1
Family,Iceland,2007-10,415,1
Family,Iceland,2007-11,774,1
Family,Iceland,2007-12,406,1
Family,Iceland,2008-01,137,1
Family,Iceland,2008-02,193,1
Family,Iceland,2008-03,518,1
Family,Iceland,2008-04,467,1
Family,Iceland,2008-05,72,1
Family,Iceland,2009-02,128,1
Family,Iceland,2009-03,331,1
Family,Iceland,2009-04,92,1
Family,Ireland,2005-12,1174,1
Family,Ireland,2006-01,360,1
Family,Ireland,2006-02,575,1
Family,Ireland,2006-03,521,1
Family,Ireland,2006-04,711,1
Family,Ireland,2006-05,1041,1
Family,Ireland,2006-06,420,1
Family,Ireland,2006-07,1279,1
Family,Ireland,2006-08,1504,1
Family,Ireland,2006-09,925,1
Family,Ireland,2006-10,1235,1
Family,Ireland,2006-11,1338,1
Family,Ireland,2006-12,1156,1
Family,Ireland,2007-01,918,2
Family,Ireland,2007-02,2436,2
Family,Ireland,2007-03,2772,2
Family,Ireland,2007-04,2727,2
Family,Ireland,2007-05,2245,2
Family,Ireland,2007-06,2510,2
Family,Ireland,2007-07,2138,2
Family,Ireland,2007-08,1812,2
Family,Ireland,2007-09,1131,2
Family,Ireland,2007-10,1288,2
Family,Ireland,2007-11,2123,2
Family,Ireland,2007-12,2349,2
Family,Ireland,2008-01,3018,2
Family,Ireland,2008-02,1937,2
Family,Ireland,2008-03,1679,2
Family,Ireland,2008-04,2465,2
Family,Ireland,2008-05,4235,2
Family,Ireland,2008-06,2952,2
Family,Ireland,2008-07,1855,2
Family,Ireland,2008-08,834,2
Family,Ireland,2008-09,651,2
Family,Ireland,2008-10,3122,2
Family,Ireland,2008-11,3083,2
Family,Ireland,2008-12,2255,2
Family,Ireland,2009-01,808,2
Family,Ireland,2009-02,1516,2
Family,Ireland,2009-03,2535,2
Family,Ireland,2009-04,1332,2
Family,Ireland,2009-05,11,1
Family,Italy,2006-02,1264,1
Family,Italy,2006-03,1353,2
Family,Italy,2006-04,3594,3
Family,Italy,2006-05,1969,3
Family,Italy,2006-06,2809,3
Family,Italy,2006-07,2823,3
Family,Italy,2006-08,3735,5
Family,Italy,2006-09,4533,5
Family,Italy,2006-10,4616,5
Family,Italy,2006-11,4951,5
Family,Italy,2006-12,4218,5
Family,Italy,2007-01,4890,6
Family,Italy,2007-02,4090,6
Family,Italy,2007-03,3268,6
Family,Italy,2007-04,4273,6
Family,Italy,2007-05,4999,6
Family,Italy,2007-06,5388,7
Family,Italy,2007-07,6251,7
Family,Italy,2007-08,6248,7
Family,Italy,2007-09,7774,7
Family,Italy,2007-10,6514,7
Family,Italy,2007-11,6288,7
Family,Italy,2007-12,8297,7
Family,Italy,2008-01,7407,7
Family,Italy,2008-02,7046,7
Family,Italy,2008-03,5796,7
Family,Italy,2008-04,5264,7
Family,Italy,2008-05,5831,6
Family,Italy,2008-06,5755,6
Family,Italy,2008-07,6066,6
Family,Italy,2008-08,5681,7
Family,Italy,2008-09,7133,7
Family,Italy,2008-10,5118,7
Family,Italy,2008-11,5020,7
Family,Italy,2008-12,5404,7
Family,Italy,2009-01,5833,7
Family,Italy,2009-02,5847,7
Family,Italy,2009-03,4583,7
Family,Italy,2009-04,4496,7
Family,Italy,2009-05,3682,5
Family,Latvia,2006-02,296,1
Family,Latvia,2006-03,1786,1
Family,Latvia,2006-04,289,1
Family,Latvia,2006-05,1538,1
Family,Latvia,2006-06,1077,1
Family,Latvia,2006-07,2488,1
Family,Latvia,2006-08,1493,1
Family,Latvia,2006-09,875,1
Family,Latvia,2006-10,12,1
Family,Latvia,2006-12,1116,1
Family,Latvia,2007-01,1913,1
Family,Latvia,2007-02,1259,1
Family,Latvia,2007-03,1195,1
Family,Latvia,2007-04,1219,1
Family,Latvia,2007-05,282,1
Family,Latvia,2007-09,2277,1
Family,Latvia,2007-10,1064,1
Family,Latvia,2007-11,676,1
Family,Latvia,2007-12,1240,1
Family,Latvia,2008-01,565,1
Family,Latvia,2008-02,3,1
Family,Latvia,2008-06,5,1
Family,Latvia,2008-07,472,1
Family,Latvia,2008-08,23,1
Family,Latvia,2008-10,2207,1
Family,Latvia,2008-11,280,1
Family,Latvia,2009-03,18,1
Family,Latvia,2009-04,1,1
Family,Lithuania,2007-09,408,1
Family,Lithuania,2007-10,1866,1
Family,Lithuania,2007-11,621,1
Family,Lithuania,2007-12,615,1
Family,Lithuania,2008-01,826,1
Family,Lithuania,2008-02,1404,1
Family,Lithuania,2008-03,2111,1
Family,Lithuania,2008-04,618,1
Family,Lithuania,2008-05,1772,1
Family,Lithuania,2008-06,1295,1
Family,Lithuania,2008-07,1031,1
Family,Lithuania,2008-08,1099,1
Family,Lithuania,2008-09,1124,1
Family,Lithuania,2008-10,917,1
Family,Lithuania,2008-11,896,1
Family,Lithuania,2008-12,1516,1
Family,Lithuania,2009-01,1037,1
Family,Lithuania,2009-02,1085,1
Family,Lithuania,2009-03,51,1
Family,Lithuania,2009-04,1116,1
Family,Lithuania,2009-05,221,1
Family,Mexico,2005-11,1676,1
Family,Mexico,2005-12,2384,1
Family,Mexico,2006-01,2636,1
Family,Mexico,2006-02,2140,1
Family,Mexico,2006-03,2180,1
Family,Mexico,2006-04,1601,1
Family,Mexico,2006-05,1314,1
Family,Mexico,2006-06,1489,1
Family,Mexico,2006-07,1367,1
Family,Mexico,2006-08,1121,1
Family,Mexico,2006-09,57,1
Family,Mexico,2006-10,980,1
Family,Mexico,2006-11,727,1
Family,Mexico,2006-12,748,1
Family,Mexico,2007-01,857,1
Family,Mexico,2007-02,50,1
Family,Mexico,2007-03,697,1
Family,Mexico,2007-04,136,1
Family,Mexico,2007-05,1392,1
Family,Mexico,2007-06,473,1
Family,Mexico,2007-07,679,1
Family,Mexico,2007-08,906,1
Family,Mexico,2007-09,20,1
Family,Mexico,2007-10,134,1
Family,Mexico,2007-11,68,1
Family,Mexico,2008-01,257,1
Family,Mexico,2008-02,22,1
Family,Mexico,2008-03,562,1
Family,Mexico,2008-04,119,1
Family,Mexico,2008-05,153,1
Family,Mexico,2008-06,106,1
Family,Mexico,2008-07,45,1
Family,Mexico,2008-08,51,1
Family,Mexico,2008-09,195,1
Family,Mexico,2008-10,93,1
Family,Mexico,2008-11,36,1
Family,Mexico,2008-12,6,1
Family,Mexico,2009-02,41,1
Family,Mexico,2009-03,8,1
Family,Netherlands,2005-10,539,1
Family,Netherlands,2005-11,642,1
Family,Netherlands,2005-12,1403,1
Family,Netherlands,2006-01,1300,1
Family,Netherlands,2006-02,1444,1
Family,Netherlands,2006-03,1341,1
Family,Netherlands,2006-04,1255,1
Family,Netherlands,2006-05,1981,1
Family,Netherlands,2006-06,4675,2
Family,Netherlands,2006-07,2319,2
Family,Netherlands,2006-08,4077,2
Family,Netherlands,2006-09,3621,3
Family,Netherlands,2006-10,4271,3
Family,Netherlands,2006-11,8119,5
Family,Netherlands,2006-12,17377,6
Family,Netherlands,2007-01,12979,6
Family,Netherlands,2007-02,5302,5
Family,Netherlands,2007-03,8377,4
Family,Netherlands,2007-04,6533,3
Family,Netherlands,2007-05,5732,3
Family,Netherlands,2007-06,5663,3
Family,Netherlands,2007-07,3292,3
Family,Netherlands,2007-08,4309,3
Family,Netherlands,2007-09,4160,3
Family,Netherlands,2007-10,4375,3
Family,Netherlands,2007-11,3629,3
Family,Netherlands,2007-12,2935,3
Family,Netherlands,2008-01,4649,4
Family,Netherlands,2008-02,3021,4
Family,Netherlands,2008-03,3750,3
Family,Netherlands,2008-04,2541,4
Family,Netherlands,2008-05,2655,3
Family,Netherlands,2008-06,3808,4
Family,Netherlands,2008-07,4017,4
Family,Netherlands,2008-08,5556,4
Family,Netherlands,2008-09,5271,4
Family,Netherlands,2008-10,3050,4
Family,Netherlands,2008-11,3057,4
Family,Netherlands,2008-12,6435,5
Family,Netherlands,2009-01,12919,4
Family,Netherlands,2009-02,7103,5
Family,Netherlands,2009-03,8451,5
Family,Netherlands,2009-04,7777,5
Family,Netherlands,2009-05,8984,5
Family,New Zealand,2007-12,185,1
Family,New Zealand,2008-01,831,1
Family,New Zealand,2008-02,617,1
Family,New Zealand,2008-03,769,1
Family,New Zealand,2008-04,305,1
Family,New Zealand,2008-05,360,1
Family,New Zealand,2008-06,317,1
Family,New Zealand,2008-08,900,1
Family,New Zealand,2008-09,1537,1
Family,New Zealand,2008-10,1341,1
Family,New Zealand,2008-11,1203,1
Family,New Zealand,2008-12,1635,1
Family,New Zealand,2009-01,2893,1
Family,New Zealand,2009-02,5041,1
Family,New Zealand,2009-03,6078,1
Family,New Zealand,2009-04,1344,1
Family,New Zealand,2009-05,493,1
Family,Northern Mariana Islands,2006-09,1390,1
Family,Northern Mariana Islands,2006-10,1386,1
Family,Northern Mariana Islands,2006-11,1322,1
Family,Northern Mariana Islands,2006-12,1140,1
Family,Northern Mariana Islands,2007-01,940,1
Family,Northern Mariana Islands,2007-02,1053,1
Family,Northern Mariana Islands,2007-03,698,1
Family,Northern Mariana Islands,2007-04,659,1
Family,Northern Mariana Islands,2007-05,727,1
Family,Northern Mariana Islands,2007-06,733,1
Family,Northern Mariana Islands,2007-07,418,1
Family,Northern Mariana Islands,2007-08,835,1
Family,Northern Mariana Islands,2007-09,865,1
Family,Northern Mariana Islands,2007-10,891,1
Family,Northern Mariana Islands,2007-11,942,1
Family,Northern Mariana Islands,2007-12,660,1
Family,Northern Mariana Islands,2008-01,1194,1
Family,Northern Mariana Islands,2008-02,900,1
Family,Northern Mariana Islands,2008-03,1018,1
Family,Northern Mariana Islands,2008-04,1046,1
Family,Northern Mariana Islands,2008-05,934,1
Family,Northern Mariana Islands,2008-06,795,1
Family,Northern Mariana Islands,2008-07,635,1
Family,Northern Mariana Islands,2008-08,664,1
Family,Northern Mariana Islands,2008-09,484,1
Family,Northern Mariana Islands,2008-10,974,1
Family,Northern Mariana Islands,2008-11,1020,1
Family,Northern Mariana Islands,2008-12,818,1
Family,Northern Mariana Islands,2009-01,1161,1
Family,Northern Mariana Islands,2009-02,564,1
Family,Northern Mariana Islands,2009-03,871,1
Family,Northern Mariana Islands,2009-04,1234,1
Family,Northern Mariana Islands,2009-05,1374,1
Family,Norway,2005-02,1284,1
Family,Norway,2005-03,1205,1
Family,Norway,2005-04,3795,3
Family,Norway,2005-05,3555,3
Family,Norway,2005-06,5612,3
Family,Norway,2005-07,2092,3
Family,Norway,2005-08,2755,4
Family,Norway,2005-09,2976,4
Family,Norway,2005-10,2418,3
Family,Norway,2005-11,4789,4
Family,Norway,2005-12,7105,6
Family,Norway,2006-01,7530,6
Family,Norway,2006-02,5035,6
Family,Norway,2006-03,6491,7
Family,Norway,2006-04,5198,7
Family,Norway,2006-05,5429,6
Family,Norway,2006-06,4009,6
Family,Norway,2006-07,3046,6
Family,Norway,2006-08,2919,6
Family,Norway,2006-09,5426,6
Family,Norway,2006-10,5329,6
Family,Norway,2006-11,4568,6
Family,Norway,2006-12,5301,6
Family,Norway,2007-01,5031,6
Family,Norway,2007-02,4397,6
Family,Norway,2007-03,4947,6
Family,Norway,2007-04,4335,5
Family,Norway,2007-05,3383,4
Family,Norway,2007-06,2928,5
Family,Norway,2007-07,2733,5
Family,Norway,2007-08,2888,5
Family,Norway,2007-09,3750,6
Family,Norway,2007-10,4377,6
Family,Norway,2007-11,5193,6
Family,Norway,2007-12,7453,6
Family,Norway,2008-01,3435,6
Family,Norway,2008-02,3899,4
Family,Norway,2008-03,2890,4
Family,Norway,2008-04,3282,5
Family,Norway,2008-05,2413,5
Family,Norway,2008-06,2084,4
Family,Norway,2008-07,1443,4
Family,Norway,2008-08,2038,4
Family,Norway,2008-09,1913,5
Family,Norway,2008-10,2212,5
Family,Norway,2008-11,1921,5
Family,Norway,2008-12,2539,5
Family,Norway,2009-01,5418,6
Family,Norway,2009-02,5463,6
Family,Norway,2009-03,5863,6
Family,Norway,2009-04,5739,6
Family,Norway,2009-05,4563,6
Family,Peru,2006-02,60,1
Family,Peru,2006-03,1805,1
Family,Peru,2006-04,2627,1
Family,Peru,2006-05,1673,1
Family,Peru,2006-06,1661,1
Family,Peru,2006-07,599,1
Family,Peru,2006-08,1262,1
Family,Peru,2006-09,1104,1
Family,Peru,2006-10,1149,1
Family,Peru,2006-11,884,1
Family,Peru,2006-12,1081,1
Family,Peru,2007-01,694,1
Family,Peru,2007-02,1061,1
Family,Peru,2007-03,1006,1
Family,Peru,2007-04,1177,1
Family,Peru,2007-05,956,1
Family,Peru,2007-06,540,1
Family,Peru,2007-07,1022,1
Family,Peru,2007-08,921,1
Family,Peru,2007-09,2343,1
Family,Peru,2007-10,1074,1
Family,Peru,2007-11,1288,1
Family,Peru,2007-12,891,1
Family,Peru,2008-01,990,1
Family,Peru,2008-02,788,1
Family,Peru,2008-03,1332,1
Family,Peru,2008-04,907,1
Family,Peru,2008-05,1347,1
Family,Peru,2008-06,824,2
Family,Peru,2008-07,900,1
Family,Peru,2008-08,642,1
Family,Peru,2008-09,3437,1
Family,Peru,2008-10,1128,1
Family,Peru,2008-11,975,1
Family,Peru,2008-12,1406,1
Family,Peru,2009-01,767,1
Family,Peru,2009-02,1818,2
Family,Peru,2009-03,8613,2
Family,Peru,2009-04,7178,2
Family,Peru,2009-05,6328,1
Family,Poland,2005-04,798,1
Family,Poland,2005-05,1021,1
Family,Poland,2005-06,1154,1
Family,Poland,2005-07,541,1
Family,Poland,2005-08,788,1
Family,Poland,2005-09,277,2
Family,Poland,2005-10,1332,2
Family,Poland,2005-11,1641,2
Family,Poland,2005-12,965,2
Family,Poland,2006-01,2458,3
Family,Poland,2006-02,3034,3
Family,Poland,2006-03,2540,3
Family,Poland,2006-04,1779,3
Family,Poland,2006-05,3419,3
Family,Poland,2006-06,3940,3
Family,Poland,2006-07,3892,4
Family,Poland,2006-08,5626,5
Family,Poland,2006-09,6281,5
Family,Poland,2006-10,7973,5
Family,Poland,2006-11,5938,5
Family,Poland,2006-12,7399,5
Family,Poland,2007-01,6384,5
Family,Poland,2007-02,5501,5
Family,Poland,2007-03,7084,5
Family,Poland,2007-04,5517,5
Family,Poland,2007-05,5284,6
Family,Poland,2007-06,6611,6
Family,Poland,2007-07,3054,6
Family,Poland,2007-08,11572,7
Family,Poland,2007-09,5968,7
Family,Poland,2007-10,8908,6
Family,Poland,2007-11,7449,6
Family,Poland,2007-12,6240,7
Family,Poland,2008-01,5170,6
Family,Poland,2008-02,4030,5
Family,Poland,2008-03,4975,6
Family,Poland,2008-04,8079,7
Family,Poland,2008-05,7638,7
Family,Poland,2008-06,5411,8
Family,Poland,2008-07,8408,8
Family,Poland,2008-08,6406,8
Family,Poland,2008-09,12844,8
Family,Poland,2008-10,9708,8
Family,Poland,2008-11,9771,7
Family,Poland,2008-12,13648,10
Family,Poland,2009-01,14803,9
Family,Poland,2009-02,11340,8
Family,Poland,2009-03,13035,8
Family,Poland,2009-04,12459,9
Family,Poland,2009-05,459,5
Family,Portugal,2007-08,2200,1
Family,Portugal,2007-09,2090,1
Family,Portugal,2007-10,2338,1
Family,Portugal,2007-11,1861,1
Family,Portugal,2007-12,923,1
Family,Portugal,2008-01,2521,1
Family,Portugal,2008-02,2326,1
Family,Portugal,2008-03,1833,1
Family,Portugal,2008-04,2857,2
Family,Portugal,2008-05,4053,2
Family,Portugal,2008-06,5815,2
Family,Portugal,2008-07,9990,3
Family,Portugal,2008-08,3059,3
Family,Portugal,2008-09,10603,3
Family,Portugal,2008-10,10696,3
Family,Portugal,2008-11,7814,3
Family,Portugal,2008-12,7082,3
Family,Portugal,2009-01,7382,3
Family,Portugal,2009-02,9913,3
Family,Portugal,2009-03,7831,3
Family,Portugal,2009-04,8011,3
Family,Portugal,2009-05,179,2
Family,Romania,2005-08,143,1
Family,Romania,2005-09,438,1
Family,Romania,2005-10,46,1
Family,Romania,2005-11,47,1
Family,Romania,2005-12,105,1
Family,Romania,2006-01,520,1
Family,Romania,2006-02,544,1
Family,Romania,2006-03,960,1
Family,Romania,2006-04,850,1
Family,Romania,2006-05,635,1
Family,Romania,2006-06,657,2
Family,Romania,2006-07,1238,2
Family,Romania,2006-08,1180,1
Family,Romania,2006-09,1565,2
Family,Romania,2006-10,2815,2
Family,Romania,2006-11,2104,2
Family,Romania,2006-12,1455,2
Family,Romania,2007-01,1971,2
Family,Romania,2007-02,1637,2
Family,Romania,2007-03,1984,2
Family,Romania,2007-04,2111,2
Family,Romania,2007-05,2300,2
Family,Romania,2007-06,1948,2
Family,Romania,2007-07,1421,2
Family,Romania,2007-08,1629,2
Family,Romania,2007-09,1984,2
Family,Romania,2007-10,2284,2
Family,Romania,2007-11,3288,2
Family,Romania,2007-12,2399,2
Family,Romania,2008-01,2849,2
Family,Romania,2008-02,3245,2
Family,Romania,2008-03,2571,2
Family,Romania,2008-04,2118,2
Family,Romania,2008-05,2326,2
Family,Romania,2008-06,1302,2
Family,Romania,2008-07,1390,2
Family,Romania,2008-08,1316,2
Family,Romania,2008-09,1361,2
Family,Romania,2008-10,718,1
Family,Romania,2008-11,1166,1
Family,Romania,2008-12,976,2
Family,Romania,2009-01,2489,2
Family,Romania,2009-02,767,2
Family,Romania,2009-03,1244,2
Family,Romania,2009-04,778,2
Family,Russian Federation,2006-03,198,1
Family,Russian Federation,2006-04,881,1
Family,Russian Federation,2006-05,1679,2
Family,Russian Federation,2006-06,1183,2
Family,Russian Federation,2006-07,1634,2
Family,Russian Federation,2006-08,2821,3
Family,Russian Federation,2006-09,3139,3
Family,Russian Federation,2006-10,4409,4
Family,Russian Federation,2006-11,4858,4
Family,Russian Federation,2006-12,11129,5
Family,Russian Federation,2007-01,12029,6
Family,Russian Federation,2007-02,7418,6
Family,Russian Federation,2007-03,14648,7
Family,Russian Federation,2007-04,15592,7
Family,Russian Federation,2007-05,14706,7
Family,Russian Federation,2007-06,6144,6
Family,Russian Federation,2007-07,4664,5
Family,Russian Federation,2007-08,4202,5
Family,Russian Federation,2007-09,8681,6
Family,Russian Federation,2007-10,9225,6
Family,Russian Federation,2007-11,7142,6
Family,Russian Federation,2007-12,8482,6
Family,Russian Federation,2008-01,6338,6
Family,Russian Federation,2008-02,3957,6
Family,Russian Federation,2008-03,5117,6
Family,Russian Federation,2008-04,5780,6
Family,Russian Federation,2008-05,5739,5
Family,Russian Federation,2008-06,4474,5
Family,Russian Federation,2008-07,4067,5
Family,Russian Federation,2008-08,4007,6
Family,Russian Federation,2008-09,2887,5
Family,Russian Federation,2008-10,4936,5
Family,Russian Federation,2008-11,4101,5
Family,Russian Federation,2008-12,4390,6
Family,Russian Federation,2009-01,6296,5
Family,Russian Federation,2009-02,6683,4
Family,Russian Federation,2009-03,6613,6
Family,Russian Federation,2009-04,7170,6
Family,Russian Federation,2009-05,3005,4
Family,Slovakia,2006-01,51,1
Family,Slovakia,2006-03,165,1
Family,Slovakia,2006-04,531,1
Family,Slovakia,2006-05,363,1
Family,Slovakia,2006-06,189,1
Family,Slovakia,2006-07,982,2
Family,Slovakia,2006-08,1113,2
Family,Slovakia,2006-09,757,2
Family,Slovakia,2006-10,324,1
Family,Slovakia,2006-11,666,2
Family,Slovakia,2006-12,843,2
Family,Slovakia,2007-01,1355,2
Family,Slovakia,2007-02,1139,2
Family,Slovakia,2007-03,593,2
Family,Slovakia,2007-04,771,2
Family,Slovakia,2007-05,911,2
Family,Slovakia,2007-06,916,2
Family,Slovakia,2007-07,1082,2
Family,Slovakia,2007-08,1057,2
Family,Slovakia,2007-09,684,2
Family,Slovakia,2007-10,1111,2
Family,Slovakia,2007-11,1369,2
Family,Slovakia,2007-12,1203,2
Family,Slovakia,2008-01,1254,2
Family,Slovakia,2008-02,1907,2
Family,Slovakia,2008-03,1618,2
Family,Slovakia,2008-04,1908,2
Family,Slovakia,2008-05,3398,2
Family,Slovakia,2008-06,2722,2
Family,Slovakia,2008-07,995,2
Family,Slovakia,2008-08,1367,2
Family,Slovakia,2008-09,2196,2
Family,Slovakia,2008-10,1612,2
Family,Slovakia,2008-11,1568,2
Family,Slovakia,2008-12,4977,3
Family,Slovakia,2009-01,14220,3
Family,Slovakia,2009-02,13103,3
Family,Slovakia,2009-03,8787,3
Family,Slovakia,2009-04,3352,3
Family,Slovakia,2009-05,150,1
Family,Spain,2005-09,88,1
Family,Spain,2005-10,1647,1
Family,Spain,2005-11,1201,2
Family,Spain,2005-12,1905,2
Family,Spain,2006-01,1545,2
Family,Spain,2006-02,729,2
Family,Spain,2006-03,767,2
Family,Spain,2006-04,281,2
Family,Spain,2006-05,366,2
Family,Spain,2006-06,80,2
Family,Spain,2006-07,734,2
Family,Spain,2006-08,1035,2
Family,Spain,2006-09,1055,2
Family,Spain,2006-10,1635,2
Family,Spain,2006-11,3475,3
Family,Spain,2006-12,3773,3
Family,Spain,2007-01,3630,3
Family,Spain,2007-02,2919,3
Family,Spain,2007-03,2488,3
Family,Spain,2007-04,1742,3
Family,Spain,2007-05,3054,3
Family,Spain,2007-06,2295,3
Family,Spain,2007-07,2273,3
Family,Spain,2007-08,3278,3
Family,Spain,2007-09,2932,3
Family,Spain,2007-10,2036,3
Family,Spain,2007-11,2344,3
Family,Spain,2007-12,1250,3
Family,Spain,2008-01,1604,3
Family,Spain,2008-02,934,3
Family,Spain,2008-03,1048,3
Family,Spain,2008-04,1247,3
Family,Spain,2008-05,1981,3
Family,Spain,2008-06,2423,3
Family,Spain,2008-07,1144,3
Family,Spain,2008-08,1684,3
Family,Spain,2008-09,963,3
Family,Spain,2008-10,889,3
Family,Spain,2008-11,1867,3
Family,Spain,2008-12,2915,3
Family,Spain,2009-01,2831,3
Family,Spain,2009-02,3426,3
Family,Spain,2009-03,3148,3
Family,Spain,2009-04,3741,3
Family,Spain,2009-05,2032,3
Family,Sweden,2005-04,741,1
Family,Sweden,2005-05,1370,1
Family,Sweden,2005-06,1080,1
Family,Sweden,2005-07,488,1
Family,Sweden,2005-08,223,1
Family,Sweden,2005-09,1045,1
Family,Sweden,2005-10,829,1
Family,Sweden,2005-11,1041,2
Family,Sweden,2005-12,2470,3
Family,Sweden,2006-01,3074,4
Family,Sweden,2006-02,6519,3
Family,Sweden,2006-03,7629,3
Family,Sweden,2006-04,5987,4
Family,Sweden,2006-05,7186,4
Family,Sweden,2006-06,5223,4
Family,Sweden,2006-07,5954,4
Family,Sweden,2006-08,8874,4
Family,Sweden,2006-09,6418,4
Family,Sweden,2006-10,9072,4
Family,Sweden,2006-11,7387,3
Family,Sweden,2006-12,5132,4
Family,Sweden,2007-01,4669,4
Family,Sweden,2007-02,2861,4
Family,Sweden,2007-03,4517,4
Family,Sweden,2007-04,4141,4
Family,Sweden,2007-05,4102,4
Family,Sweden,2007-06,2897,4
Family,Sweden,2007-07,2202,4
Family,Sweden,2007-08,1641,3
Family,Sweden,2007-09,836,3
Family,Sweden,2007-10,1402,3
Family,Sweden,2007-11,1397,3
Family,Sweden,2007-12,1530,4
Family,Sweden,2008-01,2236,4
Family,Sweden,2008-02,1564,4
Family,Sweden,2008-03,3077,4
Family,Sweden,2008-04,2064,4
Family,Sweden,2008-05,1522,4
Family,Sweden,2008-06,2152,4
Family,Sweden,2008-07,1337,3
Family,Sweden,2008-08,1087,3
Family,Sweden,2008-09,1288,3
Family,Sweden,2008-10,1785,3
Family,Sweden,2008-11,1674,2
Family,Sweden,2008-12,942,2
Family,Sweden,2009-01,459,2
Family,Sweden,2009-02,512,1
Family,Sweden,2009-03,411,1
Family,Sweden,2009-04,473,4
Family,Sweden,2009-05,68,1
Family,Switzerland,2005-02,22,1
Family,Switzerland,2005-03,67,1
Family,Switzerland,2005-05,1,1
Family,Switzerland,2006-10,1,1
Family,Switzerland,2007-02,1205,1
Family,Switzerland,2007-03,190,1
Family,Switzerland,2007-04,232,1
Family,Switzerland,2007-05,755,1
Family,Switzerland,2007-06,1600,1
Family,Switzerland,2007-07,2605,1
Family,Switzerland,2007-08,4347,1
Family,Switzerland,2007-09,2569,1
Family,Switzerland,2007-10,4117,1
Family,Switzerland,2007-11,2010,1
Family,Switzerland,2007-12,3304,1
Family,Switzerland,2008-01,370,1
Family,Switzerland,2008-02,141,1
Family,Switzerland,2008-03,503,1
Family,Switzerland,2008-04,287,1
Family,Switzerland,2008-05,595,1
Family,Switzerland,2008-06,358,1
Family,Switzerland,2008-07,667,1
Family,Switzerland,2008-08,582,1
Family,Switzerland,2008-09,855,1
Family,Switzerland,2008-10,349,1
Family,Switzerland,2008-11,282,1
Family,Switzerland,2008-12,335,1
Family,Switzerland,2009-01,311,1
Family,Switzerland,2009-02,129,1
Family,Switzerland,2009-03,216,1
Family,Switzerland,2009-04,496,1
Family,Switzerland,2009-05,68,1
Family,Trinidad and Tobago,2005-12,1319,1
Family,Trinidad and Tobago,2006-01,1472,1
Family,Trinidad and Tobago,2006-02,874,1
Family,Trinidad and Tobago,2006-03,1550,1
Family,Trinidad and Tobago,2006-04,1525,1
Family,Trinidad and Tobago,2006-05,1368,1
Family,Trinidad and Tobago,2006-06,1126,1
Family,Trinidad and Tobago,2006-07,801,1
Family,Trinidad and Tobago,2006-08,527,1
Family,Trinidad and Tobago,2006-09,9,1
Family,Trinidad and Tobago,2006-10,83,1
Family,Trinidad and Tobago,2006-11,18,1
Family,Trinidad and Tobago,2006-12,125,1
Family,Trinidad and Tobago,2007-01,134,1
Family,Trinidad and Tobago,2007-02,979,1
Family,Trinidad and Tobago,2007-03,1204,1
Family,Trinidad and Tobago,2007-04,1807,1
Family,Trinidad and Tobago,2007-05,1865,1
Family,Trinidad and Tobago,2007-06,1301,1
Family,Trinidad and Tobago,2007-07,1237,1
Family,Trinidad and Tobago,2007-08,851,1
Family,Trinidad and Tobago,2007-09,313,1
Family,Trinidad and Tobago,2007-10,151,1
Family,Trinidad and Tobago,2007-11,280,1
Family,Trinidad and Tobago,2007-12,853,1
Family,Trinidad and Tobago,2008-01,464,1
Family,Trinidad and Tobago,2008-02,487,1
Family,Trinidad and Tobago,2008-03,44,1
Family,Trinidad and Tobago,2008-04,50,1
Family,Trinidad and Tobago,2008-05,372,1
Family,Trinidad and Tobago,2008-06,374,1
Family,Trinidad and Tobago,2008-07,509,1
Family,Trinidad and Tobago,2008-08,231,1
Family,Trinidad and Tobago,2008-10,1194,1
Family,Trinidad and Tobago,2008-11,1793,1
Family,Trinidad and Tobago,2008-12,1584,1
Family,Trinidad and Tobago,2009-01,977,1
Family,Trinidad and Tobago,2009-02,1348,1
Family,Trinidad and Tobago,2009-03,2846,1
Family,Trinidad and Tobago,2009-04,1479,1
Family,Trinidad and Tobago,2009-05,39,1
Family,Turkey,2005-02,978,2
Family,Turkey,2005-03,2202,2
Family,Turkey,2005-04,1695,2
Family,Turkey,2005-05,1087,2
Family,Turkey,2005-06,1291,2
Family,Turkey,2005-07,3608,3
Family,Turkey,2005-08,3015,3
Family,Turkey,2005-09,5798,3
Family,Turkey,2005-10,3571,2
Family,Turkey,2005-11,2521,4
Family,Turkey,2005-12,4977,5
Family,Turkey,2006-01,7200,7
Family,Turkey,2006-02,7685,8
Family,Turkey,2006-03,10932,7
Family,Turkey,2006-04,9501,8
Family,Turkey,2006-05,9876,7
Family,Turkey,2006-06,9426,8
Family,Turkey,2006-07,9252,8
Family,Turkey,2006-08,9228,8
Family,Turkey,2006-09,6121,7
Family,Turkey,2006-10,6369,7
Family,Turkey,2006-11,5137,7
Family,Turkey,2006-12,7470,8
Family,Turkey,2007-01,6780,8
Family,Turkey,2007-02,7406,8
Family,Turkey,2007-03,6109,7
Family,Turkey,2007-04,6471,8
Family,Turkey,2007-05,7869,8
Family,Turkey,2007-06,5226,7
Family,Turkey,2007-07,5956,7
Family,Turkey,2007-08,7065,7
Family,Turkey,2007-09,4118,6
Family,Turkey,2007-10,3488,7
Family,Turkey,2007-11,7847,8
Family,Turkey,2007-12,10188,8
Family,Turkey,2008-01,8110,9
Family,Turkey,2008-02,7805,9
Family,Turkey,2008-03,9779,8
Family,Turkey,2008-04,7980,10
Family,Turkey,2008-05,9619,9
Family,Turkey,2008-06,7916,7
Family,Turkey,2008-07,6150,8
Family,Turkey,2008-08,6704,7
Family,Turkey,2008-09,6679,7
Family,Turkey,2008-10,5368,8
Family,Turkey,2008-11,5637,8
Family,Turkey,2008-12,6608,8
Family,Turkey,2009-01,4527,8
Family,Turkey,2009-02,3999,8
Family,Turkey,2009-03,5378,8
Family,Turkey,2009-04,3800,8
Family,Turkey,2009-05,2959,7
Family,United Kingdom,2005-02,2991,6
Family,United Kingdom,2005-03,4381,6
Family,United Kingdom,2005-04,5060,6
Family,United Kingdom,2005-05,4038,6
Family,United Kingdom,2005-06,5227,6
Family,United Kingdom,2005-07,5865,7
Family,United Kingdom,2005-08,4305,8
Family,United Kingdom,2005-09,7808,12
Family,United Kingdom,2005-10,14026,14
Family,United Kingdom,2005-11,16759,14
Family,United Kingdom,2005-12,18464,14
Family,United Kingdom,2006-01,16101,15
Family,United Kingdom,2006-02,17324,17
Family,United Kingdom,2006-03,21658,20
Family,United Kingdom,2006-04,22480,21
Family,United Kingdom,2006-05,25070,21
Family,United Kingdom,2006-06,23599,21
Family,United Kingdom,2006-07,23454,21
Family,United Kingdom,2006-08,21457,23
Family,United Kingdom,2006-09,19552,22
Family,United Kingdom,2006-10,19112,24
Family,United Kingdom,2006-11,19648,24
Family,United Kingdom,2006-12,20621,24
Family,United Kingdom,2007-01,18384,22
Family,United Kingdom,2007-02,17450,23
Family,United Kingdom,2007-03,18614,23
Family,United Kingdom,2007-04,16160,23
Family,United Kingdom,2007-05,17969,23
Family,United Kingdom,2007-06,11404,20
Family,United Kingdom,2007-07,13923,19
Family,United Kingdom,2007-08,12519,23
Family,United Kingdom,2007-09,15416,22
Family,United Kingdom,2007-10,15950,20
Family,United Kingdom,2007-11,20778,20
Family,United Kingdom,2007-12,18282,20
Family,United Kingdom,2008-01,14673,22
Family,United Kingdom,2008-02,12424,21
Family,United Kingdom,2008-03,14594,22
Family,United Kingdom,2008-04,12032,20
Family,United Kingdom,2008-05,15976,24
Family,United Kingdom,2008-06,22394,25
Family,United Kingdom,2008-07,22129,24
Family,United Kingdom,2008-08,23231,25
Family,United Kingdom,2008-09,21169,25
Family,United Kingdom,2008-10,21100,23
Family,United Kingdom,2008-11,18364,24
Family,United Kingdom,2008-12,16035,24
Family,United Kingdom,2009-01,18995,23
Family,United Kingdom,2009-02,19326,24
Family,United Kingdom,2009-03,22374,23
Family,United Kingdom,2009-04,16937,24
Family,United Kingdom,2009-05,4608,7
Family,United States,2005-02,2180,4
Family,United States,2005-03,4620,5
Family,United States,2005-04,7317,5
Family,United States,2005-05,5722,6
Family,United States,2005-06,6967,7
Family,United States,2005-07,7527,9
Family,United States,2005-08,11326,9
Family,United States,2005-09,10730,9
Family,United States,2005-10,12550,10
Family,United States,2005-11,13632,11
Family,United States,2005-12,15426,15
Family,United States,2006-01,21384,15
Family,United States,2006-02,21467,19
Family,United States,2006-03,24970,23
Family,United States,2006-04,29037,24
Family,United States,2006-05,29453,24
Family,United States,2006-06,23713,25
Family,United States,2006-07,24266,25
Family,United States,2006-08,32455,27
Family,United States,2006-09,28651,26
Family,United States,2006-10,27648,27
Family,United States,2006-11,24336,28
Family,United States,2006-12,23219,27
Family,United States,2007-01,27864,27
Family,United States,2007-02,23784,25
Family,United States,2007-03,22844,24
Family,United States,2007-04,24781,26
Family,United States,2007-05,33492,27
Family,United States,2007-06,25139,28
Family,United States,2007-07,30695,29
Family,United States,2007-08,36845,29
Family,United States,2007-09,32015,30
Family,United States,2007-10,30385,28
Family,United States,2007-11,35142,29
Family,United States,2007-12,31233,30
Family,United States,2008-01,30796,30
Family,United States,2008-02,30633,30
Family,United States,2008-03,33285,30
Family,United States,2008-04,26261,32
Family,United States,2008-05,31252,32
Family,United States,2008-06,31379,33
Family,United States,2008-07,33860,33
Family,United States,2008-08,31413,31
Family,United States,2008-09,28097,33
Family,United States,2008-10,27940,33
Family,United States,2008-11,26866,34
Family,United States,2008-12,26268,32
Family,United States,2009-01,27523,32
Family,United States,2009-02,26021,32
Family,United States,2009-03,27104,32
Family,United States,2009-04,30995,33
Family,United States,2009-05,3919,16
Family,United States Minor Outlying Islands,2007-07,1669,1
Family,United States Minor Outlying Islands,2007-08,1684,1
Family,United States Minor Outlying Islands,2007-09,1663,1
Family,United States Minor Outlying Islands,2007-10,1257,1
Family,United States Minor Outlying Islands,2007-11,1229,1
Family,United States Minor Outlying Islands,2007-12,1307,1
Family,United States Minor Outlying Islands,2008-01,1054,1
Family,United States Minor Outlying Islands,2008-02,644,1
Family,United States Minor Outlying Islands,2008-03,1202,1
Family,United States Minor Outlying Islands,2008-04,1306,1
Family,United States Minor Outlying Islands,2008-05,2226,1
Family,United States Minor Outlying Islands,2008-06,2167,1
Family,United States Minor Outlying Islands,2008-07,2247,1
Family,United States Minor Outlying Islands,2008-08,1344,1
Family,United States Minor Outlying Islands,2008-09,1866,1
Family,United States Minor Outlying Islands,2008-10,2140,1
Family,United States Minor Outlying Islands,2008-11,2209,1
Family,United States Minor Outlying Islands,2008-12,2170,1
Family,United States Minor Outlying Islands,2009-01,2203,1
Family,United States Minor Outlying Islands,2009-02,1834,1
Family,United States Minor Outlying Islands,2009-03,1781,1
Family,United States Minor Outlying Islands,2009-04,1403,1
Family,United States Minor Outlying Islands,2009-05,107,1
Family,Venezuela,2005-12,673,1
Family,Venezuela,2006-01,623,1
Family,Venezuela,2006-07,120,1
Family,Venezuela,2006-08,1504,1
Family,Venezuela,2006-09,1137,1
Family,Venezuela,2006-10,1171,1
Family,Venezuela,2006-11,405,1
Family,Venezuela,2006-12,1328,1
Family,Venezuela,2007-01,1328,1
Family,Venezuela,2007-02,1617,1
Family,Venezuela,2007-03,213,1
Family,Venezuela,2007-04,575,1
Family,Venezuela,2007-05,2051,1
Family,Venezuela,2007-06,507,1
Family,Venezuela,2007-07,464,1
Family,Venezuela,2007-08,974,1
Family,Venezuela,2007-09,1186,1
Family,Venezuela,2007-10,1271,1
Family,Venezuela,2007-11,1015,1
Family,Venezuela,2007-12,858,1
Family,Venezuela,2008-01,860,1
Family,Venezuela,2008-02,784,1
Family,Venezuela,2008-03,932,1
Family,Venezuela,2008-04,490,1
Family,Venezuela,2008-05,774,1
Family,Venezuela,2008-06,658,1
Family,Venezuela,2008-07,1333,1
Family,Venezuela,2008-08,625,1
Family,Venezuela,2008-09,483,1
Family,Venezuela,2008-10,629,1
Family,Venezuela,2008-11,839,1
Family,Venezuela,2008-12,547,1
Family,Venezuela,2009-01,1025,1
Family,Venezuela,2009-02,781,1
Family,Venezuela,2009-03,773,1
Family,Venezuela,2009-04,606,1
Family,Venezuela,2009-05,633,1
Free,Argentina,2006-06,856,2
Free,Argentina,2006-07,825,2
Free,Argentina,2006-08,255,2
Free,Argentina,2006-09,237,1
Free,Argentina,2007-05,30,1
Free,Argentina,2007-06,144,1
Free,Argentina,2007-07,122,1
Free,Argentina,2007-08,63,1
Free,Argentina,2007-09,1,1
Free,Argentina,2007-10,7,1
Free,Argentina,2007-12,50,1
Free,Argentina,2008-01,24,1
Free,Argentina,2008-02,44,1
Free,Argentina,2008-03,82,1
Free,Argentina,2008-04,28,1
Free,Argentina,2008-05,137,1
Free,Argentina,2008-06,195,1
Free,Argentina,2008-07,146,1
Free,Argentina,2008-08,148,1
Free,Argentina,2008-10,167,1
Free,Argentina,2008-11,60,1
Free,Argentina,2008-12,102,2
Free,Argentina,2009-01,124,1
Free,Argentina,2009-02,13,1
Free,Argentina,2009-03,23,1
Free,Argentina,2009-04,23,1
Free,Argentina,2009-05,1,1
Free,Australia,2005-09,178,1
Free,Australia,2005-10,45,1
Free,Australia,2006-04,12,1
Free,Australia,2006-05,7,1
Free,Australia,2006-06,28,1
Free,Australia,2006-07,253,2
Free,Australia,2006-08,209,2
Free,Australia,2006-09,333,3
Free,Australia,2006-10,477,2
Free,Australia,2006-11,272,2
Free,Australia,2006-12,348,2
Free,Australia,2007-01,660,2
Free,Australia,2007-02,722,4
Free,Australia,2007-03,210,3
Free,Australia,2007-04,68,1
Free,Australia,2007-05,22,1
Free,Australia,2007-06,568,3
Free,Australia,2007-07,540,3
Free,Australia,2007-08,957,2
Free,Australia,2007-09,584,2
Free,Australia,2007-10,324,3
Free,Australia,2007-11,247,3
Free,Australia,2007-12,399,2
Free,Australia,2008-01,1020,3
Free,Australia,2008-02,522,3
Free,Australia,2008-03,491,4
Free,Australia,2008-04,1272,5
Free,Australia,2008-05,2661,5
Free,Australia,2008-06,2083,5
Free,Australia,2008-07,2390,6
Free,Australia,2008-08,1513,6
Free,Australia,2008-09,1487,7
Free,Australia,2008-10,2780,7
Free,Australia,2008-11,1431,8
Free,Australia,2008-12,1943,6
Free,Australia,2009-01,1658,6
Free,Australia,2009-02,1225,5
Free,Australia,2009-03,1135,6
Free,Australia,2009-04,1489,7
Free,Australia,2009-05,919,8
Free,Belgium,2006-12,200,1
Free,Belgium,2007-01,97,1
Free,Belgium,2007-02,47,1
Free,Belgium,2007-03,58,1
Free,Belgium,2007-05,17,1
Free,Belgium,2007-06,57,1
Free,Belgium,2007-07,33,1
Free,Belgium,2007-08,81,1
Free,Belgium,2007-09,76,1
Free,Belgium,2007-10,144,1
Free,Belgium,2007-11,91,1
Free,Belgium,2007-12,45,1
Free,Belgium,2008-01,32,1
Free,Belgium,2008-07,72,1
Free,Belgium,2009-03,493,3
Free,Belgium,2009-04,2796,3
Free,Belgium,2009-05,5,2
Free,Bosnia and Herzegovina,2007-02,1,1
Free,Bosnia and Herzegovina,2007-03,101,1
Free,Bosnia and Herzegovina,2007-04,528,1
Free,Bosnia and Herzegovina,2007-05,416,1
Free,Bosnia and Herzegovina,2007-06,62,1
Free,Bosnia and Herzegovina,2007-07,132,1
Free,Bosnia and Herzegovina,2007-08,53,1
Free,Bosnia and Herzegovina,2007-09,159,1
Free,Bosnia and Herzegovina,2007-10,111,1
Free,Bosnia and Herzegovina,2007-11,527,1
Free,Bosnia and Herzegovina,2007-12,176,1
Free,Bosnia and Herzegovina,2008-01,77,1
Free,Bosnia and Herzegovina,2008-02,106,1
Free,Bosnia and Herzegovina,2008-03,1,1
Free,Bosnia and Herzegovina,2008-04,30,1
Free,Bosnia and Herzegovina,2008-05,23,1
Free,Bosnia and Herzegovina,2008-06,1,1
Free,Bosnia and Herzegovina,2008-07,36,1
Free,Bosnia and Herzegovina,2008-08,28,1
Free,Bosnia and Herzegovina,2008-09,8,1
Free,Bosnia and Herzegovina,2008-10,90,1
Free,Bosnia and Herzegovina,2008-11,1,1
Free,Bosnia and Herzegovina,2008-12,2,1
Free,Bosnia and Herzegovina,2009-03,30,1
Free,Brazil,2006-06,495,1
Free,Brazil,2006-07,555,1
Free,Brazil,2006-08,864,2
Free,Brazil,2006-09,616,2
Free,Brazil,2006-10,204,2
Free,Brazil,2006-11,1184,1
Free,Brazil,2006-12,1419,2
Free,Brazil,2007-01,1018,2
Free,Brazil,2007-02,285,3
Free,Brazil,2007-03,3,1
Free,Brazil,2007-04,38,1
Free,Brazil,2007-05,72,1
Free,Brazil,2007-06,106,1
Free,Brazil,2007-07,173,2
Free,Brazil,2007-08,327,2
Free,Brazil,2007-09,88,2
Free,Brazil,2007-10,938,2
Free,Brazil,2007-11,527,2
Free,Brazil,2007-12,689,2
Free,Brazil,2008-01,1135,3
Free,Brazil,2008-02,1079,3
Free,Brazil,2008-03,169,3
Free,Brazil,2008-04,681,3
Free,Brazil,2008-05,543,3
Free,Brazil,2008-06,590,1
Free,Brazil,2008-07,648,2
Free,Brazil,2008-08,2676,3
Free,Brazil,2008-09,1049,4
Free,Brazil,2008-10,24,1
Free,Brazil,2008-11,544,2
Free,Brazil,2008-12,1018,2
Free,Brazil,2009-01,31,1
Free,Brazil,2009-02,1187,3
Free,Brazil,2009-03,861,1
Free,Brazil,2009-04,6368,4
Free,Brazil,2009-05,648,2
Free,Bulgaria,2006-06,389,1
Free,Bulgaria,2006-07,398,2
Free,Bulgaria,2006-08,508,2
Free,Bulgaria,2006-09,303,2
Free,Bulgaria,2006-10,246,1
Free,Bulgaria,2006-11,593,2
Free,Bulgaria,2006-12,389,1
Free,Bulgaria,2007-01,248,1
Free,Bulgaria,2007-02,180,1
Free,Bulgaria,2007-03,259,2
Free,Bulgaria,2007-04,178,2
Free,Bulgaria,2007-05,88,1
Free,Bulgaria,2007-06,371,2
Free,Bulgaria,2007-07,222,1
Free,Bulgaria,2007-08,325,2
Free,Bulgaria,2007-09,457,2
Free,Bulgaria,2007-10,438,2
Free,Bulgaria,2007-11,379,2
Free,Bulgaria,2007-12,290,1
Free,Bulgaria,2008-01,356,2
Free,Bulgaria,2008-02,348,2
Free,Bulgaria,2008-03,160,1
Free,Bulgaria,2008-04,107,2
Free,Bulgaria,2008-05,304,2
Free,Bulgaria,2008-06,1054,2
Free,Bulgaria,2008-07,236,2
Free,Bulgaria,2008-08,53,2
Free,Bulgaria,2008-09,509,2
Free,Bulgaria,2008-10,138,2
Free,Bulgaria,2008-11,108,2
Free,Bulgaria,2008-12,288,2
Free,Bulgaria,2009-01,286,2
Free,Bulgaria,2009-02,80,2
Free,Bulgaria,2009-03,28,1
Free,Bulgaria,2009-04,152,2
Free,Bulgaria,2009-05,2,2
Free,Canada,2005-05,420,1
Free,Canada,2005-06,24,1
Free,Canada,2005-07,39,1
Free,Canada,2005-09,351,1
Free,Canada,2005-10,11,1
Free,Canada,2005-12,24,1
Free,Canada,2006-01,89,2
Free,Canada,2006-02,430,3
Free,Canada,2006-03,836,3
Free,Canada,2006-04,643,2
Free,Canada,2006-05,1627,4
Free,Canada,2006-06,1855,5
Free,Canada,2006-07,1322,4
Free,Canada,2006-08,988,5
Free,Canada,2006-09,213,3
Free,Canada,2006-10,404,3
Free,Canada,2006-11,77,2
Free,Canada,2006-12,129,2
Free,Canada,2007-01,177,2
Free,Canada,2007-02,310,2
Free,Canada,2007-03,288,1
Free,Canada,2007-04,581,2
Free,Canada,2007-05,320,2
Free,Canada,2007-06,930,3
Free,Canada,2007-07,252,2
Free,Canada,2007-08,200,2
Free,Canada,2007-09,132,2
Free,Canada,2007-10,105,2
Free,Canada,2007-11,1644,3
Free,Canada,2007-12,776,3
Free,Canada,2008-01,501,3
Free,Canada,2008-02,213,2
Free,Canada,2008-03,172,4
Free,Canada,2008-04,187,2
Free,Canada,2008-05,426,2
Free,Canada,2008-06,127,3
Free,Canada,2008-07,571,2
Free,Canada,2008-08,74,2
Free,Canada,2008-09,335,2
Free,Canada,2008-10,275,3
Free,Canada,2008-11,206,4
Free,Canada,2008-12,1103,5
Free,Canada,2009-01,1662,4
Free,Canada,2009-02,2131,5
Free,Canada,2009-03,1853,5
Free,Canada,2009-04,1395,8
Free,Canada,2009-05,106,1
Free,Chile,2006-07,510,1
Free,Chile,2006-08,22,1
Free,Chile,2006-11,443,2
Free,Chile,2006-12,148,2
Free,Chile,2007-01,73,1
Free,Chile,2007-02,21,1
Free,Chile,2007-03,247,2
Free,Chile,2007-04,432,2
Free,Chile,2007-05,569,2
Free,Chile,2007-06,545,2
Free,Chile,2007-07,835,2
Free,Chile,2007-08,656,2
Free,Chile,2007-09,759,2
Free,Chile,2007-10,583,2
Free,Chile,2007-11,399,2
Free,Chile,2007-12,353,2
Free,Chile,2008-01,152,2
Free,Chile,2008-02,148,2
Free,Chile,2008-03,290,2
Free,Chile,2008-04,162,2
Free,Chile,2008-05,191,2
Free,Chile,2008-06,173,2
Free,Chile,2008-07,57,2
Free,Chile,2008-08,87,2
Free,Chile,2008-09,82,2
Free,Chile,2008-10,100,2
Free,Chile,2008-11,227,2
Free,Chile,2008-12,286,2
Free,Chile,2009-01,201,2
Free,Chile,2009-02,220,2
Free,Chile,2009-03,278,2
Free,Chile,2009-04,138,3
Free,Chile,2009-05,88,1
Free,China,2007-05,8,1
Free,China,2007-06,9,1
Free,China,2007-08,5,1
Free,China,2007-10,529,1
Free,China,2007-11,356,1
Free,China,2007-12,13,1
Free,China,2008-01,149,1
Free,China,2008-08,36,1
Free,Colombia,2008-03,298,1
Free,Colombia,2008-04,571,1
Free,Colombia,2008-05,850,1
Free,Colombia,2008-06,814,1
Free,Colombia,2008-07,399,1
Free,Colombia,2008-08,933,1
Free,Colombia,2008-09,617,1
Free,Colombia,2008-10,317,1
Free,Colombia,2008-11,513,1
Free,Colombia,2008-12,497,1
Free,Colombia,2009-01,221,1
Free,Colombia,2009-02,254,1
Free,Colombia,2009-03,73,1
Free,Colombia,2009-04,130,1
Free,Croatia,2007-08,92,1
Free,Croatia,2007-09,292,1
Free,Croatia,2007-10,213,1
Free,Croatia,2007-11,239,1
Free,Croatia,2007-12,170,1
Free,Croatia,2008-02,2,1
Free,Croatia,2008-03,30,1
Free,Croatia,2008-04,80,1
Free,Croatia,2008-05,236,1
Free,Croatia,2008-06,183,1
Free,Croatia,2008-07,279,1
Free,Croatia,2008-08,159,1
Free,Croatia,2008-09,68,1
Free,Croatia,2008-10,31,1
Free,Croatia,2008-11,193,2
Free,Croatia,2008-12,687,3
Free,Croatia,2009-01,406,3
Free,Croatia,2009-02,685,3
Free,Croatia,2009-03,573,3
Free,Croatia,2009-04,530,3
Free,Croatia,2009-05,1,1
Free,Finland,2007-08,1,1
Free,Finland,2007-10,592,2
Free,Finland,2007-11,1074,2
Free,Finland,2007-12,746,2
Free,Finland,2008-01,203,3
Free,Finland,2008-02,791,3
Free,Finland,2008-03,1033,3
Free,Finland,2008-04,1055,3
Free,Finland,2008-05,520,2
Free,Finland,2008-06,292,2
Free,Finland,2008-07,1451,2
Free,Finland,2008-08,1277,3
Free,Finland,2008-09,485,3
Free,Finland,2008-10,601,2
Free,Finland,2008-11,515,2
Free,Finland,2008-12,276,2
Free,Finland,2009-01,117,1
Free,Finland,2009-02,956,3
Free,Finland,2009-03,1248,4
Free,Finland,2009-04,1389,5
Free,Finland,2009-05,160,3
Free,France,2005-12,148,1
Free,France,2006-01,110,1
Free,France,2006-02,59,1
Free,France,2006-03,281,2
Free,France,2006-04,735,2
Free,France,2006-05,1386,2
Free,France,2006-06,311,2
Free,France,2006-07,82,2
Free,France,2006-08,1746,2
Free,France,2006-09,791,2
Free,France,2006-10,455,2
Free,France,2006-11,897,3
Free,France,2006-12,123,2
Free,France,2007-01,531,2
Free,France,2007-02,183,1
Free,France,2007-03,352,1
Free,France,2007-04,363,2
Free,France,2007-05,716,3
Free,France,2007-06,259,3
Free,France,2007-07,69,2
Free,France,2007-08,74,3
Free,France,2007-09,68,2
Free,France,2007-10,134,1
Free,France,2007-11,181,2
Free,France,2007-12,201,1
Free,France,2008-01,86,1
Free,France,2008-02,328,2
Free,France,2008-03,314,2
Free,France,2008-04,130,2
Free,France,2008-05,47,1
Free,France,2008-06,84,1
Free,France,2008-07,24,1
Free,France,2008-08,26,1
Free,France,2008-09,161,1
Free,France,2008-10,25,1
Free,France,2008-11,93,1
Free,France,2008-12,4,1
Free,France,2009-01,77,2
Free,France,2009-02,1891,4
Free,France,2009-03,2827,4
Free,France,2009-04,2760,6
Free,France,2009-05,180,4
Free,Germany,2005-02,31,1
Free,Germany,2005-03,481,1
Free,Germany,2005-04,135,2
Free,Germany,2005-05,31,1
Free,Germany,2005-06,404,2
Free,Germany,2005-07,67,1
Free,Germany,2005-08,315,1
Free,Germany,2005-09,145,1
Free,Germany,2005-10,42,1
Free,Germany,2005-11,159,1
Free,Germany,2006-01,2,1
Free,Germany,2006-02,88,1
Free,Germany,2006-03,352,2
Free,Germany,2006-04,764,2
Free,Germany,2006-05,395,2
Free,Germany,2006-06,786,3
Free,Germany,2006-07,278,3
Free,Germany,2006-08,448,2
Free,Germany,2006-09,690,2
Free,Germany,2006-10,462,2
Free,Germany,2006-11,274,2
Free,Germany,2006-12,44,2
Free,Germany,2007-01,553,3
Free,Germany,2007-02,594,3
Free,Germany,2007-03,970,5
Free,Germany,2007-04,1057,4
Free,Germany,2007-05,534,5
Free,Germany,2007-06,706,4
Free,Germany,2007-07,695,3
Free,Germany,2007-08,1455,5
Free,Germany,2007-09,964,6
Free,Germany,2007-10,607,7
Free,Germany,2007-11,488,5
Free,Germany,2007-12,365,7
Free,Germany,2008-01,1373,6
Free,Germany,2008-02,598,5
Free,Germany,2008-03,349,5
Free,Germany,2008-04,415,4
Free,Germany,2008-05,591,4
Free,Germany,2008-06,19,1
Free,Germany,2008-07,116,1
Free,Germany,2008-08,113,3
Free,Germany,2008-09,90,3
Free,Germany,2008-10,103,3
Free,Germany,2008-11,332,4
Free,Germany,2008-12,243,4
Free,Germany,2009-01,746,5
Free,Germany,2009-02,3050,6
Free,Germany,2009-03,3601,6
Free,Germany,2009-04,4531,6
Free,Germany,2009-05,405,5
Free,Greece,2006-10,58,1
Free,Greece,2006-11,5,1
Free,Greece,2006-12,379,1
Free,Greece,2007-01,655,1
Free,Greece,2007-02,174,1
Free,Greece,2007-03,93,1
Free,Greece,2007-04,19,1
Free,Greece,2007-05,119,1
Free,Greece,2007-06,179,1
Free,Greece,2007-07,95,1
Free,Greece,2007-08,57,1
Free,Greece,2007-09,116,1
Free,Greece,2007-10,203,1
Free,Greece,2007-11,111,1
Free,Greece,2007-12,86,1
Free,Greece,2008-01,58,1
Free,Greece,2008-02,42,1
Free,Greece,2008-03,127,1
Free,Greece,2008-04,43,1
Free,Greece,2008-05,24,1
Free,Greece,2008-06,172,2
Free,Greece,2008-07,169,1
Free,Greece,2008-08,173,1
Free,Greece,2008-09,486,1
Free,Greece,2008-10,488,1
Free,Greece,2008-11,387,2
Free,Greece,2008-12,461,2
Free,Greece,2009-01,237,1
Free,Greece,2009-02,564,1
Free,Greece,2009-03,837,1
Free,Greece,2009-04,603,2
Free,Greece,2009-05,40,1
Free,Hungary,2008-01,99,1
Free,Hungary,2008-02,534,1
Free,Hungary,2008-03,453,1
Free,Hungary,2008-04,185,1
Free,Hungary,2008-05,582,1
Free,Hungary,2008-06,181,1
Free,Hungary,2008-07,122,1
Free,Hungary,2008-08,110,1
Free,Hungary,2008-09,172,1
Free,Hungary,2008-10,84,1
Free,Hungary,2008-11,3,1
Free,Hungary,2009-01,995,2
Free,Hungary,2009-02,1480,2
Free,Hungary,2009-03,1108,2
Free,Hungary,2009-04,1354,2
Free,Hungary,2009-05,26,2
Free,Italy,2006-01,337,1
Free,Italy,2006-02,204,1
Free,Italy,2006-03,121,1
Free,Italy,2006-04,498,3
Free,Italy,2006-05,910,4
Free,Italy,2006-06,735,4
Free,Italy,2006-07,599,4
Free,Italy,2006-08,911,4
Free,Italy,2006-09,1161,3
Free,Italy,2006-10,321,4
Free,Italy,2006-11,271,3
Free,Italy,2006-12,1010,6
Free,Italy,2007-01,1953,7
Free,Italy,2007-02,1221,5
Free,Italy,2007-03,1289,5
Free,Italy,2007-04,1522,4
Free,Italy,2007-05,1430,5
Free,Italy,2007-06,911,4
Free,Italy,2007-07,1021,5
Free,Italy,2007-08,898,4
Free,Italy,2007-09,1128,5
Free,Italy,2007-10,585,6
Free,Italy,2007-11,460,5
Free,Italy,2007-12,570,5
Free,Italy,2008-01,375,3
Free,Italy,2008-02,300,3
Free,Italy,2008-03,434,3
Free,Italy,2008-04,562,4
Free,Italy,2008-05,206,2
Free,Italy,2008-06,336,3
Free,Italy,2008-07,37,3
Free,Italy,2008-08,17,1
Free,Italy,2008-09,28,2
Free,Italy,2008-10,16,1
Free,Italy,2008-11,28,1
Free,Italy,2008-12,41,1
Free,Italy,2009-01,28,1
Free,Italy,2009-02,2,1
Free,Italy,2009-03,528,2
Free,Italy,2009-04,258,4
Free,Italy,2009-05,1,1
Free,Japan,2008-10,1787,1
Free,Japan,2008-11,691,1
Free,Japan,2008-12,50,1
Free,Japan,2009-01,154,1
Free,Japan,2009-02,282,1
Free,Japan,2009-03,1558,1
Free,Japan,2009-04,876,2
Free,Japan,2009-05,28,2
Free,"Korea, Democratic People's Republic of",2007-05,757,1
Free,"Korea, Democratic People's Republic of",2007-06,928,1
Free,"Korea, Democratic People's Republic of",2007-07,60,1
Free,"Korea, Democratic People's Republic of",2007-08,33,1
Free,"Korea, Democratic People's Republic of",2007-09,1,1
Free,"Korea, Democratic People's Republic of",2007-12,5,1
Free,"Korea, Democratic People's Republic of",2008-01,16,1
Free,"Korea, Democratic People's Republic of",2008-02,163,1
Free,"Korea, Democratic People's Republic of",2008-03,15,1
Free,"Korea, Democratic People's Republic of",2008-04,35,1
Free,"Korea, Democratic People's Republic of",2008-07,13,1
Free,"Korea, Democratic People's Republic of",2008-09,165,1
Free,"Korea, Democratic People's Republic of",2008-11,5,1
Free,"Korea, Democratic People's Republic of",2009-03,49,1
Free,"Korea, Democratic People's Republic of",2009-05,1,1
Free,Latvia,2008-11,301,1
Free,Latvia,2008-12,656,1
Free,Latvia,2009-01,879,1
Free,Latvia,2009-02,617,1
Free,Latvia,2009-03,945,1
Free,Latvia,2009-04,548,1
Free,Latvia,2009-05,1,1
Free,Lithuania,2007-04,297,1
Free,Lithuania,2007-05,41,1
Free,Lithuania,2007-06,80,1
Free,Lithuania,2007-07,31,1
Free,Lithuania,2007-09,7,1
Free,Lithuania,2007-10,25,1
Free,Lithuania,2008-08,1,1
Free,Lithuania,2008-11,484,1
Free,Lithuania,2008-12,728,1
Free,Lithuania,2009-01,377,1
Free,Lithuania,2009-02,595,1
Free,Lithuania,2009-03,890,1
Free,Lithuania,2009-04,849,1
Free,Lithuania,2009-05,27,2
Free,Mexico,2006-02,13,1
Free,Mexico,2006-03,164,1
Free,Mexico,2006-04,37,1
Free,Mexico,2006-05,18,1
Free,Mexico,2006-07,40,1
Free,Mexico,2006-09,7,1
Free,Mexico,2006-10,32,1
Free,Mexico,2007-06,76,1
Free,Mexico,2007-07,562,2
Free,Mexico,2007-08,1864,2
Free,Mexico,2007-09,1756,2
Free,Mexico,2007-10,878,2
Free,Mexico,2007-11,310,2
Free,Mexico,2007-12,228,1
Free,Mexico,2008-01,185,1
Free,Mexico,2008-03,1151,3
Free,Mexico,2008-04,938,3
Free,Mexico,2008-05,1134,4
Free,Mexico,2008-06,859,3
Free,Mexico,2008-07,1482,3
Free,Mexico,2008-08,1408,3
Free,Mexico,2008-09,1019,2
Free,Mexico,2008-10,125,2
Free,Mexico,2008-11,450,1
Free,Mexico,2008-12,450,1
Free,Mexico,2009-01,334,1
Free,Mexico,2009-02,519,2
Free,Mexico,2009-03,752,2
Free,Mexico,2009-04,348,3
Free,Mexico,2009-05,49,2
Free,Morocco,2007-04,156,1
Free,Morocco,2007-06,317,1
Free,Morocco,2007-07,239,1
Free,Morocco,2007-09,41,1
Free,Morocco,2007-12,69,1
Free,Morocco,2008-01,2,1
Free,Morocco,2008-03,10,1
Free,Morocco,2008-04,1,1
Free,Morocco,2008-07,16,1
Free,Morocco,2008-12,114,1
Free,Morocco,2009-01,169,1
Free,Morocco,2009-02,56,1
Free,Morocco,2009-03,5,1
Free,Morocco,2009-05,1,1
Free,Netherlands,2005-12,169,1
Free,Netherlands,2006-01,534,1
Free,Netherlands,2006-02,869,1
Free,Netherlands,2006-03,564,2
Free,Netherlands,2006-04,427,2
Free,Netherlands,2006-05,941,3
Free,Netherlands,2006-06,1219,5
Free,Netherlands,2006-07,542,4
Free,Netherlands,2006-08,567,5
Free,Netherlands,2006-09,772,2
Free,Netherlands,2006-10,924,4
Free,Netherlands,2006-11,487,4
Free,Netherlands,2006-12,461,3
Free,Netherlands,2007-01,101,2
Free,Netherlands,2007-02,197,2
Free,Netherlands,2007-03,144,1
Free,Netherlands,2007-04,744,1
Free,Netherlands,2007-05,313,1
Free,Netherlands,2007-06,302,2
Free,Netherlands,2007-07,366,2
Free,Netherlands,2007-08,393,2
Free,Netherlands,2007-09,256,1
Free,Netherlands,2007-10,843,3
Free,Netherlands,2007-11,686,3
Free,Netherlands,2007-12,941,3
Free,Netherlands,2008-01,21,1
Free,Netherlands,2008-02,107,2
Free,Netherlands,2008-03,52,1
Free,Netherlands,2008-04,199,2
Free,Netherlands,2008-05,99,1
Free,Netherlands,2008-06,178,1
Free,Netherlands,2008-07,117,1
Free,Netherlands,2008-08,190,1
Free,Netherlands,2008-09,108,1
Free,Netherlands,2008-10,89,1
Free,Netherlands,2008-11,139,1
Free,Netherlands,2008-12,227,3
Free,Netherlands,2009-01,481,2
Free,Netherlands,2009-02,492,4
Free,Netherlands,2009-03,2932,4
Free,Netherlands,2009-04,3120,8
Free,Netherlands,2009-05,120,2
Free,Netherlands Antilles,2006-09,3,1
Free,Netherlands Antilles,2008-08,2,1
Free,Netherlands Antilles,2009-05,1,1
Free,New Zealand,2008-07,27,1
Free,New Zealand,2008-08,494,1
Free,New Zealand,2008-09,907,1
Free,New Zealand,2008-10,90,1
Free,New Zealand,2008-11,20,1
Free,New Zealand,2008-12,64,1
Free,New Zealand,2009-01,302,2
Free,New Zealand,2009-02,931,2
Free,New Zealand,2009-03,1547,1
Free,New Zealand,2009-04,900,2
Free,New Zealand,2009-05,311,3
Free,Nicaragua,2006-06,353,1
Free,Nicaragua,2006-07,33,1
Free,Nicaragua,2006-08,262,1
Free,Nicaragua,2006-09,29,1
Free,Nicaragua,2006-10,323,1
Free,Nicaragua,2006-11,675,1
Free,Nicaragua,2008-07,1,1
Free,Norway,2005-10,571,1
Free,Norway,2005-11,299,1
Free,Norway,2005-12,86,1
Free,Norway,2006-01,148,1
Free,Norway,2006-02,28,1
Free,Norway,2006-03,1119,3
Free,Norway,2006-04,987,3
Free,Norway,2006-05,724,4
Free,Norway,2006-06,905,3
Free,Norway,2006-07,1064,3
Free,Norway,2006-08,536,3
Free,Norway,2006-09,95,2
Free,Norway,2006-10,282,2
Free,Norway,2006-11,74,1
Free,Norway,2006-12,27,1
Free,Norway,2007-01,264,2
Free,Norway,2007-02,337,2
Free,Norway,2007-03,349,3
Free,Norway,2007-04,250,3
Free,Norway,2007-05,80,2
Free,Norway,2007-06,110,2
Free,Norway,2007-07,949,2
Free,Norway,2007-08,1860,4
Free,Norway,2007-09,579,5
Free,Norway,2007-10,819,3
Free,Norway,2007-11,410,3
Free,Norway,2007-12,152,4
Free,Norway,2008-01,157,2
Free,Norway,2008-02,213,2
Free,Norway,2008-03,823,3
Free,Norway,2008-04,158,3
Free,Norway,2008-05,600,3
Free,Norway,2008-06,259,3
Free,Norway,2008-07,251,2
Free,Norway,2008-08,27,1
Free,Norway,2008-09,2,1
Free,Norway,2008-10,274,1
Free,Norway,2008-11,250,2
Free,Norway,2008-12,103,1
Free,Norway,2009-01,849,2
Free,Norway,2009-02,1453,5
Free,Norway,2009-03,2284,7
Free,Norway,2009-04,2686,6
Free,Norway,2009-05,318,5
Free,Peru,2007-06,1,1
Free,Peru,2007-10,78,1
Free,Peru,2007-11,301,1
Free,Peru,2007-12,229,1
Free,Peru,2008-01,136,1
Free,Peru,2008-02,230,1
Free,Peru,2008-03,130,1
Free,Peru,2008-04,143,1
Free,Peru,2008-05,105,1
Free,Peru,2008-06,36,1
Free,Peru,2008-07,76,1
Free,Peru,2008-08,5,1
Free,Peru,2008-09,16,1
Free,Peru,2008-10,1,1
Free,Peru,2008-12,48,1
Free,Peru,2009-01,7,1
Free,Peru,2009-02,7,1
Free,Peru,2009-03,1288,1
Free,Peru,2009-04,659,1
Free,Poland,2006-02,9,1
Free,Poland,2006-03,769,1
Free,Poland,2006-04,286,1
Free,Poland,2006-05,259,1
Free,Poland,2006-06,314,2
Free,Poland,2006-07,122,1
Free,Poland,2006-08,1044,2
Free,Poland,2006-09,482,2
Free,Poland,2006-10,563,2
Free,Poland,2006-11,361,2
Free,Poland,2006-12,365,2
Free,Poland,2007-01,132,1
Free,Poland,2007-02,171,2
Free,Poland,2007-03,506,2
Free,Poland,2007-04,1108,4
Free,Poland,2007-05,927,3
Free,Poland,2007-06,661,4
Free,Poland,2007-07,997,5
Free,Poland,2007-08,1269,5
Free,Poland,2007-09,863,6
Free,Poland,2007-10,672,6
Free,Poland,2007-11,350,4
Free,Poland,2007-12,754,6
Free,Poland,2008-01,913,5
Free,Poland,2008-02,326,4
Free,Poland,2008-03,1201,7
Free,Poland,2008-04,2406,7
Free,Poland,2008-05,3536,9
Free,Poland,2008-06,3697,5
Free,Poland,2008-07,2220,8
Free,Poland,2008-08,2092,7
Free,Poland,2008-09,2064,7
Free,Poland,2008-10,3792,7
Free,Poland,2008-11,2610,6
Free,Poland,2008-12,2125,7
Free,Poland,2009-01,3445,8
Free,Poland,2009-02,1955,8
Free,Poland,2009-03,2046,8
Free,Poland,2009-04,3306,11
Free,Poland,2009-05,80,11
Free,Portugal,2006-07,76,1
Free,Portugal,2006-08,18,1
Free,Portugal,2006-09,11,1
Free,Portugal,2006-10,222,1
Free,Portugal,2006-11,343,1
Free,Portugal,2006-12,266,1
Free,Portugal,2007-01,361,1
Free,Portugal,2007-02,393,1
Free,Portugal,2007-03,565,1
Free,Portugal,2007-04,766,1
Free,Portugal,2007-05,178,1
Free,Portugal,2007-06,302,2
Free,Portugal,2007-07,22,2
Free,Portugal,2007-08,390,2
Free,Portugal,2007-09,266,1
Free,Portugal,2007-10,135,1
Free,Portugal,2007-11,178,1
Free,Portugal,2007-12,93,1
Free,Portugal,2008-01,13,1
Free,Portugal,2008-02,12,1
Free,Portugal,2008-03,285,1
Free,Portugal,2008-04,176,1
Free,Portugal,2008-05,195,1
Free,Portugal,2008-06,124,1
Free,Portugal,2008-07,26,1
Free,Portugal,2008-08,37,1
Free,Portugal,2008-10,101,1
Free,Portugal,2008-11,96,1
Free,Portugal,2008-12,610,1
Free,Portugal,2009-01,512,2
Free,Portugal,2009-02,854,2
Free,Portugal,2009-03,286,2
Free,Portugal,2009-04,367,3
Free,Portugal,2009-05,63,2
Free,Romania,2007-03,185,1
Free,Romania,2007-04,698,1
Free,Romania,2007-05,59,1
Free,Romania,2007-06,106,1
Free,Romania,2008-01,1031,1
Free,Romania,2008-02,260,1
Free,Romania,2008-03,99,1
Free,Romania,2008-04,92,1
Free,Romania,2008-06,175,1
Free,Romania,2008-07,7,1
Free,Romania,2008-11,97,1
Free,Romania,2008-12,1,1
Free,Romania,2009-01,21,1
Free,Romania,2009-02,53,1
Free,Romania,2009-03,21,1
Free,Romania,2009-04,24,1
Free,Romania,2009-05,14,2
Free,Russian Federation,2006-08,170,1
Free,Russian Federation,2006-09,710,1
Free,Russian Federation,2006-10,498,1
Free,Russian Federation,2006-11,202,1
Free,Russian Federation,2006-12,429,1
Free,Russian Federation,2007-01,81,1
Free,Russian Federation,2007-02,367,2
Free,Russian Federation,2007-03,818,2
Free,Russian Federation,2007-04,708,2
Free,Russian Federation,2007-05,83,1
Free,Russian Federation,2007-06,14,1
Free,Russian Federation,2007-07,35,1
Free,Russian Federation,2007-08,183,2
Free,Russian Federation,2007-09,346,3
Free,Russian Federation,2007-10,414,3
Free,Russian Federation,2007-11,331,2
Free,Russian Federation,2007-12,12,3
Free,Russian Federation,2008-01,37,2
Free,Russian Federation,2008-02,1,1
Free,Russian Federation,2008-03,16,1
Free,Russian Federation,2008-08,1,1
Free,Russian Federation,2008-10,70,1
Free,Russian Federation,2009-01,1074,1
Free,Russian Federation,2009-02,1067,1
Free,Russian Federation,2009-03,864,1
Free,Russian Federation,2009-04,2053,4
Free,Russian Federation,2009-05,507,3
Free,Serbia,2006-06,187,1
Free,Serbia,2006-10,38,1
Free,Serbia,2007-02,22,1
Free,Serbia,2007-03,1,1
Free,Serbia,2007-09,18,1
Free,Serbia,2007-11,18,1
Free,Spain,2005-10,673,2
Free,Spain,2005-11,846,2
Free,Spain,2005-12,721,2
Free,Spain,2006-01,414,2
Free,Spain,2006-02,62,1
Free,Spain,2006-06,302,1
Free,Spain,2006-07,292,1
Free,Spain,2006-08,90,1
Free,Spain,2007-06,78,1
Free,Spain,2007-07,339,1
Free,Spain,2007-08,137,1
Free,Spain,2007-09,420,1
Free,Spain,2007-10,274,1
Free,Spain,2007-11,12,1
Free,Spain,2007-12,101,1
Free,Spain,2008-05,1,1
Free,Spain,2008-08,39,1
Free,Spain,2008-09,489,1
Free,Spain,2008-10,577,1
Free,Spain,2008-11,716,2
Free,Spain,2008-12,836,2
Free,Spain,2009-01,1156,2
Free,Spain,2009-02,1416,4
Free,Spain,2009-03,2882,3
Free,Spain,2009-04,3331,5
Free,Spain,2009-05,115,2
Free,Sweden,2005-09,68,1
Free,Sweden,2005-10,71,1
Free,Sweden,2005-11,50,1
Free,Sweden,2006-01,16,1
Free,Sweden,2006-02,315,1
Free,Sweden,2006-03,729,1
Free,Sweden,2006-04,532,3
Free,Sweden,2006-05,1357,3
Free,Sweden,2006-06,1437,2
Free,Sweden,2006-07,706,2
Free,Sweden,2006-08,570,3
Free,Sweden,2006-09,746,3
Free,Sweden,2006-10,564,2
Free,Sweden,2006-11,180,2
Free,Sweden,2006-12,239,2
Free,Sweden,2007-01,337,3
Free,Sweden,2007-02,349,1
Free,Sweden,2007-03,103,1
Free,Sweden,2007-04,345,2
Free,Sweden,2007-05,212,2
Free,Sweden,2007-06,543,3
Free,Sweden,2007-07,510,3
Free,Sweden,2007-08,939,3
Free,Sweden,2007-09,592,4
Free,Sweden,2007-10,814,3
Free,Sweden,2007-11,283,2
Free,Sweden,2007-12,190,2
Free,Sweden,2008-01,358,3
Free,Sweden,2008-02,405,4
Free,Sweden,2008-03,613,4
Free,Sweden,2008-04,390,4
Free,Sweden,2008-05,575,3
Free,Sweden,2008-06,570,2
Free,Sweden,2008-07,479,3
Free,Sweden,2008-08,337,2
Free,Sweden,2008-09,39,1
Free,Sweden,2008-10,469,3
Free,Sweden,2008-11,351,3
Free,Sweden,2008-12,715,4
Free,Sweden,2009-01,551,4
Free,Sweden,2009-02,332,3
Free,Sweden,2009-03,148,2
Free,Sweden,2009-04,261,6
Free,Sweden,2009-05,154,2
Free,Switzerland,2008-07,152,1
Free,Switzerland,2008-08,208,1
Free,Switzerland,2008-09,132,1
Free,Switzerland,2008-10,275,1
Free,Switzerland,2008-11,137,1
Free,Switzerland,2008-12,274,1
Free,Switzerland,2009-01,444,1
Free,Switzerland,2009-02,431,1
Free,Switzerland,2009-03,275,1
Free,Switzerland,2009-04,384,1
Free,Switzerland,2009-05,37,1
Free,Thailand,2009-04,53,1
Free,Thailand,2009-05,1,1
Free,Trinidad and Tobago,2005-12,22,1
Free,Trinidad and Tobago,2006-03,25,1
Free,Trinidad and Tobago,2006-04,161,1
Free,Trinidad and Tobago,2006-06,28,1
Free,Trinidad and Tobago,2006-11,1,1
Free,Trinidad and Tobago,2006-12,2,1
Free,Trinidad and Tobago,2007-01,1,1
Free,Trinidad and Tobago,2007-02,15,1
Free,Trinidad and Tobago,2009-02,1,1
Free,Trinidad and Tobago,2009-04,1,1
Free,Tunisia,2005-11,244,1
Free,Tunisia,2005-12,116,1
Free,Tunisia,2006-01,525,1
Free,Tunisia,2006-02,2,1
Free,Tunisia,2006-03,276,1
Free,Tunisia,2006-04,205,1
Free,Tunisia,2008-05,101,1
Free,Tunisia,2008-10,16,1
Free,Tunisia,2009-05,1,1
Free,Turkey,2005-03,155,1
Free,Turkey,2005-04,25,1
Free,Turkey,2005-05,73,1
Free,Turkey,2005-06,40,1
Free,Turkey,2006-01,3,1
Free,Turkey,2006-09,67,1
Free,Turkey,2006-10,313,2
Free,Turkey,2006-11,456,2
Free,Turkey,2006-12,337,2
Free,Turkey,2007-01,159,1
Free,Turkey,2007-02,184,1
Free,Turkey,2007-03,201,1
Free,Turkey,2007-04,167,1
Free,Turkey,2007-05,381,1
Free,Turkey,2007-06,151,1
Free,Turkey,2007-07,225,1
Free,Turkey,2007-08,177,1
Free,Turkey,2007-09,227,1
Free,Turkey,2007-10,95,1
Free,Turkey,2007-11,78,1
Free,Turkey,2007-12,101,2
Free,Turkey,2008-01,211,1
Free,Turkey,2008-02,176,2
Free,Turkey,2008-03,155,1
Free,Turkey,2008-04,171,1
Free,Turkey,2008-05,238,1
Free,Turkey,2008-06,638,2
Free,Turkey,2008-07,255,2
Free,Turkey,2008-08,98,1
Free,Turkey,2008-09,569,3
Free,Turkey,2008-10,1742,3
Free,Turkey,2008-11,1658,3
Free,Turkey,2008-12,398,4
Free,Turkey,2009-01,628,4
Free,Turkey,2009-02,501,3
Free,Turkey,2009-03,1307,5
Free,Turkey,2009-04,1004,6
Free,Turkey,2009-05,1305,4
Free,United Kingdom,2005-02,666,4
Free,United Kingdom,2005-03,2019,6
Free,United Kingdom,2005-04,1281,5
Free,United Kingdom,2005-05,1214,5
Free,United Kingdom,2005-06,1148,5
Free,United Kingdom,2005-07,757,6
Free,United Kingdom,2005-08,1531,8
Free,United Kingdom,2005-09,756,6
Free,United Kingdom,2005-10,230,4
Free,United Kingdom,2005-11,276,4
Free,United Kingdom,2005-12,414,5
Free,United Kingdom,2006-01,1447,6
Free,United Kingdom,2006-02,1100,7
Free,United Kingdom,2006-03,812,6
Free,United Kingdom,2006-04,444,5
Free,United Kingdom,2006-05,1451,6
Free,United Kingdom,2006-06,950,9
Free,United Kingdom,2006-07,1635,10
Free,United Kingdom,2006-08,1956,10
Free,United Kingdom,2006-09,1129,6
Free,United Kingdom,2006-10,1405,8
Free,United Kingdom,2006-11,870,10
Free,United Kingdom,2006-12,609,8
Free,United Kingdom,2007-01,2908,11
Free,United Kingdom,2007-02,1684,10
Free,United Kingdom,2007-03,2317,10
Free,United Kingdom,2007-04,986,9
Free,United Kingdom,2007-05,1203,7
Free,United Kingdom,2007-06,983,11
Free,United Kingdom,2007-07,1863,12
Free,United Kingdom,2007-08,3152,14
Free,United Kingdom,2007-09,2937,15
Free,United Kingdom,2007-10,1592,11
Free,United Kingdom,2007-11,2577,13
Free,United Kingdom,2007-12,2595,14
Free,United Kingdom,2008-01,2854,14
Free,United Kingdom,2008-02,1736,14
Free,United Kingdom,2008-03,1500,14
Free,United Kingdom,2008-04,2047,15
Free,United Kingdom,2008-05,2534,17
Free,United Kingdom,2008-06,2737,13
Free,United Kingdom,2008-07,3264,13
Free,United Kingdom,2008-08,1552,15
Free,United Kingdom,2008-09,2554,12
Free,United Kingdom,2008-10,3887,17
Free,United Kingdom,2008-11,7027,18
Free,United Kingdom,2008-12,4475,21
Free,United Kingdom,2009-01,8589,21
Free,United Kingdom,2009-02,9314,22
Free,United Kingdom,2009-03,10905,25
Free,United Kingdom,2009-04,10852,29
Free,United Kingdom,2009-05,1066,23
Free,United States,2005-04,1,1
Free,United States,2005-05,1038,1
Free,United States,2005-06,216,1
Free,United States,2005-07,609,4
Free,United States,2005-08,460,3
Free,United States,2005-09,224,3
Free,United States,2005-10,2331,4
Free,United States,2005-11,756,3
Free,United States,2005-12,604,2
Free,United States,2006-01,506,6
Free,United States,2006-02,1633,7
Free,United States,2006-03,2498,9
Free,United States,2006-04,3683,9
Free,United States,2006-05,3492,11
Free,United States,2006-06,3372,19
Free,United States,2006-07,3906,17
Free,United States,2006-08,3439,19
Free,United States,2006-09,2952,17
Free,United States,2006-10,4217,17
Free,United States,2006-11,4428,18
Free,United States,2006-12,3069,18
Free,United States,2007-01,3592,21
Free,United States,2007-02,4340,25
Free,United States,2007-03,2672,22
Free,United States,2007-04,5216,18
Free,United States,2007-05,7558,18
Free,United States,2007-06,4995,21
Free,United States,2007-07,1675,18
Free,United States,2007-08,1327,15
Free,United States,2007-09,2050,14
Free,United States,2007-10,2813,13
Free,United States,2007-11,2115,14
Free,United States,2007-12,1547,15
Free,United States,2008-01,2162,12
Free,United States,2008-02,3277,14
Free,United States,2008-03,4002,19
Free,United States,2008-04,5256,17
Free,United States,2008-05,2525,18
Free,United States,2008-06,2663,19
Free,United States,2008-07,3257,20
Free,United States,2008-08,2968,17
Free,United States,2008-09,3529,19
Free,United States,2008-10,5623,22
Free,United States,2008-11,7739,23
Free,United States,2008-12,8021,23
Free,United States,2009-01,9015,23
Free,United States,2009-02,12566,29
Free,United States,2009-03,16990,35
Free,United States,2009-04,20260,41
Free,United States,2009-05,4419,34
Free,Venezuela,2006-08,309,1
Free,Venezuela,2006-09,1395,1
Free,Venezuela,2006-10,716,1
Free,Venezuela,2006-11,961,1
Free,Venezuela,2006-12,573,1
Free,Venezuela,2007-01,216,1
Free,Venezuela,2007-02,96,1
Free,Venezuela,2007-03,124,1
Free,Venezuela,2007-04,67,1
Free,Venezuela,2007-05,1,1
Free,Venezuela,2007-06,1,1
Free,Venezuela,2007-07,175,1
Free,Venezuela,2007-08,125,1
Free,Venezuela,2007-09,55,1
Free,Venezuela,2007-10,15,1
Free,Venezuela,2007-11,45,1
Free,Venezuela,2007-12,48,1
Free,Venezuela,2008-01,58,1
Free,Venezuela,2008-02,9,1
Free,Venezuela,2008-03,447,2
Free,Venezuela,2008-04,522,2
Free,Venezuela,2008-05,32,2
Free,Venezuela,2008-06,29,1
Free,Venezuela,2008-07,1126,2
Free,Venezuela,2008-08,1927,3
Free,Venezuela,2008-09,2742,3
Free,Venezuela,2008-10,1473,3
Free,Venezuela,2008-11,1108,3
Free,Venezuela,2008-12,1227,3
Free,Venezuela,2009-01,1294,3
Free,Venezuela,2009-02,599,3
Free,Venezuela,2009-03,580,2
Free,Venezuela,2009-04,503,3
Free,Venezuela,2009-05,825,2
Premium,Algeria,2005-07,306,1
Premium,Algeria,2005-08,316,1
Premium,Algeria,2005-09,291,1
Premium,Algeria,2005-10,296,1
Premium,Algeria,2005-11,318,1
Premium,Algeria,2005-12,519,1
Premium,Algeria,2006-01,275,1
Premium,Algeria,2006-02,374,1
Premium,Algeria,2006-03,2655,1
Premium,Algeria,2006-04,1323,1
Premium,Algeria,2006-05,503,1
Premium,Algeria,2006-06,555,1
Premium,Algeria,2006-07,1355,1
Premium,Algeria,2006-08,1510,1
Premium,Algeria,2006-09,1411,1
Premium,Algeria,2006-10,1687,1
Premium,Algeria,2006-11,1498,1
Premium,Algeria,2006-12,987,1
Premium,Algeria,2007-01,694,1
Premium,Algeria,2007-02,668,1
Premium,Algeria,2007-03,672,1
Premium,Algeria,2007-04,455,1
Premium,Algeria,2007-05,220,1
Premium,Algeria,2007-06,56,1
Premium,Algeria,2007-07,115,1
Premium,Algeria,2007-08,29,1
Premium,Algeria,2007-09,66,1
Premium,Algeria,2007-10,20,1
Premium,Algeria,2009-05,1,1
Premium,Antarctica,2005-10,775,1
Premium,Antarctica,2005-11,42,1
Premium,Antarctica,2005-12,12,1
Premium,Antarctica,2006-01,12,1
Premium,Antarctica,2006-02,57,1
Premium,Antarctica,2006-03,5,1
Premium,Antarctica,2006-05,16,1
Premium,Antarctica,2006-06,29,1
Premium,Antarctica,2006-07,5,1
Premium,Antarctica,2006-08,30,1
Premium,Antarctica,2006-10,153,1
Premium,Antarctica,2006-11,298,1
Premium,Antarctica,2006-12,269,1
Premium,Antarctica,2007-01,203,1
Premium,Antarctica,2007-02,209,1
Premium,Antarctica,2007-03,25,1
Premium,Antarctica,2007-04,19,1
Premium,Antarctica,2007-05,26,1
Premium,Antarctica,2007-06,90,1
Premium,Antarctica,2007-07,49,1
Premium,Antarctica,2007-08,430,1
Premium,Antarctica,2007-09,354,1
Premium,Antarctica,2007-10,591,1
Premium,Antarctica,2007-11,215,1
Premium,Antarctica,2007-12,186,1
Premium,Antarctica,2008-01,222,1
Premium,Antarctica,2008-02,193,1
Premium,Antarctica,2008-03,240,1
Premium,Antarctica,2008-04,156,1
Premium,Antarctica,2008-05,234,1
Premium,Antarctica,2008-06,116,1
Premium,Antarctica,2008-07,97,1
Premium,Antarctica,2008-08,218,1
Premium,Antarctica,2008-09,420,1
Premium,Antarctica,2008-10,366,1
Premium,Antarctica,2008-11,434,1
Premium,Antarctica,2008-12,248,1
Premium,Antarctica,2009-01,42,1
Premium,Antarctica,2009-02,39,1
Premium,Antarctica,2009-03,27,1
Premium,Antarctica,2009-05,6,1
Premium,Argentina,2006-02,59,1
Premium,Argentina,2006-04,19,1
Premium,Argentina,2006-05,41,1
Premium,Argentina,2006-06,165,1
Premium,Argentina,2006-07,11,1
Premium,Argentina,2006-08,277,1
Premium,Argentina,2006-09,1376,1
Premium,Argentina,2006-10,1208,1
Premium,Argentina,2006-11,387,1
Premium,Argentina,2006-12,250,1
Premium,Argentina,2007-01,134,1
Premium,Argentina,2007-02,359,1
Premium,Argentina,2007-03,586,1
Premium,Argentina,2007-04,1445,1
Premium,Argentina,2007-05,1446,1
Premium,Argentina,2007-06,937,1
Premium,Argentina,2007-07,1025,1
Premium,Argentina,2007-08,952,1
Premium,Argentina,2007-09,958,1
Premium,Argentina,2007-10,832,2
Premium,Argentina,2007-11,3316,2
Premium,Argentina,2007-12,1638,2
Premium,Argentina,2008-01,428,2
Premium,Argentina,2008-02,1812,1
Premium,Argentina,2008-03,720,2
Premium,Argentina,2008-04,962,1
Premium,Argentina,2008-05,2552,2
Premium,Argentina,2008-06,2856,2
Premium,Argentina,2008-07,918,2
Premium,Argentina,2008-08,815,2
Premium,Argentina,2008-09,1640,2
Premium,Argentina,2008-10,319,1
Premium,Argentina,2008-11,70,1
Premium,Argentina,2009-01,25,1
Premium,Argentina,2009-02,25,1
Premium,Argentina,2009-03,24,1
Premium,Argentina,2009-05,1,1
Premium,Armenia,2006-11,233,1
Premium,Armenia,2006-12,938,1
Premium,Armenia,2007-01,975,1
Premium,Armenia,2007-02,592,1
Premium,Armenia,2007-03,734,1
Premium,Armenia,2007-04,751,1
Premium,Armenia,2007-05,454,1
Premium,Armenia,2007-06,629,1
Premium,Armenia,2007-07,1052,1
Premium,Armenia,2007-08,89,1
Premium,Armenia,2007-09,319,1
Premium,Armenia,2007-10,351,1
Premium,Armenia,2007-11,435,1
Premium,Armenia,2007-12,548,1
Premium,Armenia,2008-01,473,1
Premium,Armenia,2008-02,581,1
Premium,Armenia,2008-03,1139,1
Premium,Armenia,2008-04,150,1
Premium,Armenia,2008-05,498,1
Premium,Armenia,2008-06,528,1
Premium,Armenia,2008-07,616,1
Premium,Armenia,2008-08,621,1
Premium,Armenia,2008-09,784,1
Premium,Armenia,2008-10,950,1
Premium,Armenia,2008-11,834,1
Premium,Armenia,2008-12,833,1
Premium,Armenia,2009-01,821,1
Premium,Armenia,2009-02,1175,1
Premium,Armenia,2009-03,1721,1
Premium,Armenia,2009-04,1369,1
Premium,Armenia,2009-05,179,1
Premium,Australia,2005-12,43,1
Premium,Australia,2006-01,132,1
Premium,Australia,2006-02,85,1
Premium,Australia,2006-03,290,1
Premium,Australia,2006-04,99,1
Premium,Australia,2006-05,222,1
Premium,Australia,2006-06,186,1
Premium,Australia,2006-07,393,1
Premium,Australia,2006-08,70,1
Premium,Australia,2006-09,93,1
Premium,Australia,2006-10,128,1
Premium,Australia,2006-11,1707,2
Premium,Australia,2006-12,1657,2
Premium,Australia,2007-01,792,2
Premium,Australia,2007-02,544,2
Premium,Australia,2007-03,357,2
Premium,Australia,2007-04,2118,3
Premium,Australia,2007-05,2690,4
Premium,Australia,2007-06,3888,5
Premium,Australia,2007-07,4019,5
Premium,Australia,2007-08,4372,5
Premium,Australia,2007-09,5321,5
Premium,Australia,2007-10,4611,5
Premium,Australia,2007-11,3033,5
Premium,Australia,2007-12,2486,5
Premium,Australia,2008-01,1831,5
Premium,Australia,2008-02,2708,5
Premium,Australia,2008-03,4072,6
Premium,Australia,2008-04,2954,6
Premium,Australia,2008-05,2023,5
Premium,Australia,2008-06,10495,7
Premium,Australia,2008-07,7636,7
Premium,Australia,2008-08,2562,7
Premium,Australia,2008-09,2563,7
Premium,Australia,2008-10,3516,6
Premium,Australia,2008-11,3704,6
Premium,Australia,2008-12,2084,6
Premium,Australia,2009-01,2276,6
Premium,Australia,2009-02,2718,6
Premium,Australia,2009-03,1779,6
Premium,Australia,2009-04,1326,6
Premium,Australia,2009-05,152,4
Premium,Austria,2006-04,379,1
Premium,Austria,2006-05,221,1
Premium,Austria,2006-06,261,1
Premium,Austria,2006-07,343,1
Premium,Austria,2006-08,879,1
Premium,Austria,2006-09,729,1
Premium,Austria,2006-10,1007,1
Premium,Austria,2006-11,752,1
Premium,Austria,2006-12,447,1
Premium,Austria,2007-01,389,1
Premium,Austria,2007-02,241,1
Premium,Austria,2007-03,263,1
Premium,Austria,2007-04,321,1
Premium,Austria,2007-05,393,1
Premium,Austria,2007-06,413,1
Premium,Austria,2007-07,398,1
Premium,Austria,2007-08,147,1
Premium,Austria,2007-09,403,1
Premium,Austria,2007-10,229,1
Premium,Austria,2007-11,270,1
Premium,Austria,2008-02,129,1
Premium,Austria,2008-03,441,1
Premium,Austria,2008-04,675,1
Premium,Austria,2008-05,147,1
Premium,Austria,2008-06,151,1
Premium,Austria,2008-07,664,1
Premium,Austria,2008-08,910,1
Premium,Austria,2008-09,426,1
Premium,Austria,2008-10,864,1
Premium,Austria,2008-11,835,1
Premium,Austria,2008-12,685,1
Premium,Austria,2009-01,248,1
Premium,Austria,2009-02,360,1
Premium,Austria,2009-03,284,1
Premium,Austria,2009-04,398,1
Premium,Austria,2009-05,26,2
Premium,Belarus,2007-07,1088,1
Premium,Belarus,2007-08,2488,1
Premium,Belarus,2007-09,870,1
Premium,Belarus,2007-10,809,1
Premium,Belarus,2007-11,2340,1
Premium,Belarus,2007-12,3339,1
Premium,Belarus,2008-01,1666,1
Premium,Belarus,2008-02,112,1
Premium,Belarus,2008-03,468,1
Premium,Belarus,2008-04,26,1
Premium,Belarus,2008-05,2019,1
Premium,Belarus,2008-06,1252,1
Premium,Belarus,2008-07,685,1
Premium,Belarus,2008-08,585,1
Premium,Belarus,2008-09,214,1
Premium,Belarus,2008-10,64,1
Premium,Belarus,2008-11,338,1
Premium,Belarus,2008-12,302,1
Premium,Belarus,2009-01,465,1
Premium,Belarus,2009-02,223,1
Premium,Belarus,2009-03,510,1
Premium,Belarus,2009-04,960,1
Premium,Belarus,2009-05,1,1
Premium,Belgium,2005-02,479,1
Premium,Belgium,2005-03,161,1
Premium,Belgium,2005-08,5,1
Premium,Belgium,2005-10,119,1
Premium,Belgium,2005-11,47,1
Premium,Belgium,2005-12,278,1
Premium,Belgium,2006-01,251,1
Premium,Belgium,2006-02,541,1
Premium,Belgium,2006-03,786,1
Premium,Belgium,2006-04,94,1
Premium,Belgium,2006-05,70,1
Premium,Belgium,2006-06,88,1
Premium,Belgium,2006-07,9,1
Premium,Belgium,2006-09,352,1
Premium,Belgium,2006-10,321,1
Premium,Belgium,2006-11,269,1
Premium,Belgium,2006-12,351,1
Premium,Belgium,2007-01,330,1
Premium,Belgium,2007-02,162,1
Premium,Belgium,2007-03,384,1
Premium,Belgium,2007-04,310,1
Premium,Belgium,2007-05,299,2
Premium,Belgium,2007-06,174,1
Premium,Belgium,2007-07,16,1
Premium,Belgium,2007-08,25,1
Premium,Belgium,2007-09,305,1
Premium,Belgium,2007-10,477,2
Premium,Belgium,2007-11,1060,2
Premium,Belgium,2007-12,851,2
Premium,Belgium,2008-01,468,3
Premium,Belgium,2008-02,1052,3
Premium,Belgium,2008-03,845,2
Premium,Belgium,2008-04,867,2
Premium,Belgium,2008-05,884,2
Premium,Belgium,2008-06,1031,4
Premium,Belgium,2008-07,2920,3
Premium,Belgium,2008-08,2497,4
Premium,Belgium,2008-09,2200,4
Premium,Belgium,2008-10,1561,4
Premium,Belgium,2008-11,1251,4
Premium,Belgium,2008-12,1302,4
Premium,Belgium,2009-01,1556,4
Premium,Belgium,2009-02,1430,3
Premium,Belgium,2009-03,1495,4
Premium,Belgium,2009-04,1283,3
Premium,Belgium,2009-05,70,3
Premium,Brazil,2005-09,669,1
Premium,Brazil,2005-10,1404,1
Premium,Brazil,2005-11,861,1
Premium,Brazil,2005-12,731,1
Premium,Brazil,2006-01,300,1
Premium,Brazil,2006-04,127,1
Premium,Brazil,2006-05,748,3
Premium,Brazil,2006-06,1282,4
Premium,Brazil,2006-07,2619,4
Premium,Brazil,2006-08,2787,4
Premium,Brazil,2006-09,1922,4
Premium,Brazil,2006-10,2659,4
Premium,Brazil,2006-11,2949,4
Premium,Brazil,2006-12,2273,4
Premium,Brazil,2007-01,2846,3
Premium,Brazil,2007-02,3576,4
Premium,Brazil,2007-03,1040,4
Premium,Brazil,2007-04,1032,4
Premium,Brazil,2007-05,1783,4
Premium,Brazil,2007-06,3034,5
Premium,Brazil,2007-07,4171,5
Premium,Brazil,2007-08,2838,5
Premium,Brazil,2007-09,3018,5
Premium,Brazil,2007-10,3462,5
Premium,Brazil,2007-11,1563,5
Premium,Brazil,2007-12,4754,5
Premium,Brazil,2008-01,4987,5
Premium,Brazil,2008-02,5283,7
Premium,Brazil,2008-03,3804,6
Premium,Brazil,2008-04,3672,6
Premium,Brazil,2008-05,2253,6
Premium,Brazil,2008-06,2393,5
Premium,Brazil,2008-07,4445,7
Premium,Brazil,2008-08,2446,6
Premium,Brazil,2008-09,3456,7
Premium,Brazil,2008-10,3751,7
Premium,Brazil,2008-11,2616,7
Premium,Brazil,2008-12,3009,6
Premium,Brazil,2009-01,6704,7
Premium,Brazil,2009-02,7182,7
Premium,Brazil,2009-03,6511,7
Premium,Brazil,2009-04,4044,8
Premium,Brazil,2009-05,3165,4
Premium,Bulgaria,2006-06,1,1
Premium,Bulgaria,2006-08,696,1
Premium,Bulgaria,2006-09,1301,1
Premium,Bulgaria,2006-10,716,1
Premium,Bulgaria,2006-11,1151,1
Premium,Bulgaria,2006-12,1109,1
Premium,Bulgaria,2007-01,604,1
Premium,Bulgaria,2007-02,543,1
Premium,Bulgaria,2007-03,511,1
Premium,Bulgaria,2007-04,1392,1
Premium,Bulgaria,2007-05,1606,1
Premium,Bulgaria,2007-06,1221,1
Premium,Bulgaria,2007-07,1492,1
Premium,Bulgaria,2007-08,594,1
Premium,Bulgaria,2007-09,649,1
Premium,Bulgaria,2007-10,594,2
Premium,Bulgaria,2007-11,635,1
Premium,Bulgaria,2007-12,1571,1
Premium,Bulgaria,2008-01,860,2
Premium,Bulgaria,2008-02,1269,2
Premium,Bulgaria,2008-03,2397,2
Premium,Bulgaria,2008-04,1054,2
Premium,Bulgaria,2008-05,1677,3
Premium,Bulgaria,2008-06,2556,3
Premium,Bulgaria,2008-07,2209,4
Premium,Bulgaria,2008-08,1575,4
Premium,Bulgaria,2008-09,2061,3
Premium,Bulgaria,2008-10,3530,3
Premium,Bulgaria,2008-11,3217,4
Premium,Bulgaria,2008-12,3396,4
Premium,Bulgaria,2009-01,3376,4
Premium,Bulgaria,2009-02,3114,4
Premium,Bulgaria,2009-03,2994,4
Premium,Bulgaria,2009-04,2030,4
Premium,Bulgaria,2009-05,100,3
Premium,Canada,2006-04,15,1
Premium,Canada,2006-06,334,1
Premium,Canada,2006-07,574,1
Premium,Canada,2006-08,722,1
Premium,Canada,2006-09,1634,2
Premium,Canada,2006-10,2054,3
Premium,Canada,2006-11,3248,3
Premium,Canada,2006-12,1566,3
Premium,Canada,2007-01,1534,2
Premium,Canada,2007-02,2553,4
Premium,Canada,2007-03,2228,4
Premium,Canada,2007-04,3258,4
Premium,Canada,2007-05,3251,4
Premium,Canada,2007-06,992,3
Premium,Canada,2007-07,620,2
Premium,Canada,2007-08,424,3
Premium,Canada,2007-09,683,3
Premium,Canada,2007-10,1284,3
Premium,Canada,2007-11,1571,3
Premium,Canada,2007-12,1270,3
Premium,Canada,2008-01,869,3
Premium,Canada,2008-02,1514,4
Premium,Canada,2008-03,2162,4
Premium,Canada,2008-04,1838,4
Premium,Canada,2008-05,2578,4
Premium,Canada,2008-06,2268,5
Premium,Canada,2008-07,2673,4
Premium,Canada,2008-08,2592,4
Premium,Canada,2008-09,2440,4
Premium,Canada,2008-10,2655,4
Premium,Canada,2008-11,2244,4
Premium,Canada,2008-12,3244,4
Premium,Canada,2009-01,4771,5
Premium,Canada,2009-02,6137,6
Premium,Canada,2009-03,6161,6
Premium,Canada,2009-04,4695,5
Premium,Canada,2009-05,162,2
Premium,China,2006-11,165,1
Premium,China,2006-12,2725,1
Premium,China,2007-01,1966,1
Premium,China,2007-04,3,1
Premium,China,2007-05,3,1
Premium,China,2007-06,19,1
Premium,China,2007-07,18,1
Premium,China,2007-08,15,1
Premium,China,2007-09,6,1
Premium,China,2007-10,6,1
Premium,China,2007-11,3,1
Premium,China,2007-12,215,1
Premium,China,2008-01,124,1
Premium,China,2008-02,159,1
Premium,China,2008-03,266,1
Premium,China,2008-04,559,1
Premium,China,2008-05,151,1
Premium,China,2008-06,588,1
Premium,China,2008-07,689,1
Premium,China,2008-08,290,1
Premium,China,2008-09,61,1
Premium,China,2008-10,150,1
Premium,China,2008-11,408,1
Premium,China,2008-12,1572,1
Premium,China,2009-01,1185,1
Premium,China,2009-02,1436,1
Premium,China,2009-03,2133,1
Premium,China,2009-04,1477,1
Premium,China,2009-05,163,1
Premium,Colombia,2008-10,2781,1
Premium,Colombia,2008-11,1963,1
Premium,Colombia,2008-12,2384,1
Premium,Colombia,2009-01,2698,1
Premium,Colombia,2009-02,2963,1
Premium,Colombia,2009-03,1833,1
Premium,Colombia,2009-04,397,1
Premium,Colombia,2009-05,58,1
Premium,"Congo, the Democratic Republic of the",2006-01,80,1
Premium,"Congo, the Democratic Republic of the",2006-02,201,1
Premium,"Congo, the Democratic Republic of the",2006-03,194,1
Premium,"Congo, the Democratic Republic of the",2006-04,357,1
Premium,"Congo, the Democratic Republic of the",2006-05,265,1
Premium,"Congo, the Democratic Republic of the",2006-06,244,1
Premium,"Congo, the Democratic Republic of the",2006-07,271,1
Premium,"Congo, the Democratic Republic of the",2006-08,312,1
Premium,"Congo, the Democratic Republic of the",2006-09,283,1
Premium,"Congo, the Democratic Republic of the",2006-10,514,1
Premium,"Congo, the Democratic Republic of the",2006-11,436,1
Premium,"Congo, the Democratic Republic of the",2006-12,267,1
Premium,"Congo, the Democratic Republic of the",2007-01,360,1
Premium,"Congo, the Democratic Republic of the",2007-02,191,1
Premium,"Congo, the Democratic Republic of the",2007-03,136,1
Premium,"Congo, the Democratic Republic of the",2007-04,154,1
Premium,"Congo, the Democratic Republic of the",2007-05,323,1
Premium,"Congo, the Democratic Republic of the",2007-06,249,1
Premium,"Congo, the Democratic Republic of the",2007-07,202,1
Premium,"Congo, the Democratic Republic of the",2007-08,223,1
Premium,"Congo, the Democratic Republic of the",2007-09,153,1
Premium,"Congo, the Democratic Republic of the",2007-10,260,1
Premium,"Congo, the Democratic Republic of the",2007-11,175,1
Premium,"Congo, the Democratic Republic of the",2007-12,96,1
Premium,"Congo, the Democratic Republic of the",2008-01,406,1
Premium,"Congo, the Democratic Republic of the",2008-02,151,1
Premium,"Congo, the Democratic Republic of the",2008-03,134,1
Premium,"Congo, the Democratic Republic of the",2008-04,145,1
Premium,"Congo, the Democratic Republic of the",2008-05,198,1
Premium,"Congo, the Democratic Republic of the",2008-06,226,1
Premium,"Congo, the Democratic Republic of the",2008-07,212,1
Premium,"Congo, the Democratic Republic of the",2008-08,94,1
Premium,"Congo, the Democratic Republic of the",2008-09,162,1
Premium,"Congo, the Democratic Republic of the",2008-10,394,1
Premium,"Congo, the Democratic Republic of the",2008-11,486,1
Premium,"Congo, the Democratic Republic of the",2008-12,260,1
Premium,"Congo, the Democratic Republic of the",2009-01,80,1
Premium,"Congo, the Democratic Republic of the",2009-02,140,1
Premium,"Congo, the Democratic Republic of the",2009-03,63,1
Premium,"Congo, the Democratic Republic of the",2009-04,116,1
Premium,Cote D'Ivoire,2008-02,1437,1
Premium,Cote D'Ivoire,2008-03,1923,1
Premium,Cote D'Ivoire,2008-04,997,1
Premium,Cote D'Ivoire,2008-05,373,1
Premium,Cote D'Ivoire,2008-06,969,1
Premium,Cote D'Ivoire,2008-07,1231,1
Premium,Cote D'Ivoire,2008-08,314,1
Premium,Cote D'Ivoire,2008-09,1061,1
Premium,Cote D'Ivoire,2008-10,1022,1
Premium,Cote D'Ivoire,2008-11,1062,1
Premium,Cote D'Ivoire,2008-12,932,1
Premium,Cote D'Ivoire,2009-01,1104,1
Premium,Cote D'Ivoire,2009-02,477,1
Premium,Cote D'Ivoire,2009-03,237,1
Premium,Cote D'Ivoire,2009-04,540,1
Premium,Cote D'Ivoire,2009-05,64,1
Premium,Croatia,2006-08,124,1
Premium,Croatia,2006-09,424,1
Premium,Croatia,2006-10,706,1
Premium,Croatia,2006-11,1064,1
Premium,Croatia,2006-12,597,1
Premium,Croatia,2007-01,543,1
Premium,Croatia,2007-02,860,1
Premium,Croatia,2007-03,224,1
Premium,Croatia,2007-04,255,2
Premium,Croatia,2007-05,1119,2
Premium,Croatia,2007-06,1109,2
Premium,Croatia,2007-07,2143,2
Premium,Croatia,2007-08,1497,2
Premium,Croatia,2007-09,809,2
Premium,Croatia,2007-10,2007,2
Premium,Croatia,2007-11,2501,2
Premium,Croatia,2007-12,1354,2
Premium,Croatia,2008-01,1511,3
Premium,Croatia,2008-02,3835,3
Premium,Croatia,2008-03,3867,2
Premium,Croatia,2008-04,2559,2
Premium,Croatia,2008-05,1895,2
Premium,Croatia,2008-06,2445,2
Premium,Croatia,2008-07,1648,2
Premium,Croatia,2008-08,1546,2
Premium,Croatia,2008-09,1482,2
Premium,Croatia,2008-10,1293,2
Premium,Croatia,2008-11,859,2
Premium,Croatia,2008-12,572,2
Premium,Croatia,2009-01,1432,2
Premium,Croatia,2009-02,458,2
Premium,Croatia,2009-03,3614,3
Premium,Croatia,2009-04,5037,3
Premium,Croatia,2009-05,468,3
Premium,Czech Republic,2007-08,1042,1
Premium,Czech Republic,2007-09,1001,1
Premium,Czech Republic,2007-10,1220,1
Premium,Czech Republic,2007-11,1183,1
Premium,Czech Republic,2007-12,959,1
Premium,Czech Republic,2008-01,976,1
Premium,Czech Republic,2008-02,883,1
Premium,Czech Republic,2008-03,651,1
Premium,Czech Republic,2008-04,649,1
Premium,Czech Republic,2008-05,461,1
Premium,Czech Republic,2008-06,314,1
Premium,Czech Republic,2008-07,467,1
Premium,Czech Republic,2008-08,284,1
Premium,Czech Republic,2008-09,260,1
Premium,Czech Republic,2008-10,663,1
Premium,Czech Republic,2008-11,858,1
Premium,Czech Republic,2008-12,786,1
Premium,Czech Republic,2009-01,668,1
Premium,Czech Republic,2009-02,699,1
Premium,Czech Republic,2009-03,1079,1
Premium,Czech Republic,2009-04,1082,1
Premium,Czech Republic,2009-05,1,1
Premium,Estonia,2006-06,205,1
Premium,Estonia,2006-07,1327,1
Premium,Estonia,2006-08,1570,1
Premium,Estonia,2006-09,642,1
Premium,Estonia,2006-10,1192,1
Premium,Estonia,2006-11,716,1
Premium,Estonia,2006-12,983,1
Premium,Estonia,2007-01,721,1
Premium,Estonia,2007-02,412,1
Premium,Estonia,2007-03,206,1
Premium,Estonia,2007-04,656,1
Premium,Estonia,2007-05,522,1
Premium,Estonia,2007-06,185,1
Premium,Estonia,2007-07,330,1
Premium,Estonia,2007-08,231,1
Premium,Estonia,2007-09,97,1
Premium,Estonia,2007-10,129,1
Premium,Estonia,2007-11,179,1
Premium,Estonia,2007-12,147,1
Premium,Estonia,2008-01,121,1
Premium,Estonia,2008-06,28,1
Premium,Finland,2005-02,205,1
Premium,Finland,2005-03,883,1
Premium,Finland,2005-04,265,1
Premium,Finland,2005-05,154,1
Premium,Finland,2005-07,500,1
Premium,Finland,2005-08,508,1
Premium,Finland,2005-09,824,2
Premium,Finland,2005-10,578,2
Premium,Finland,2005-11,2434,2
Premium,Finland,2005-12,1704,3
Premium,Finland,2006-01,1224,3
Premium,Finland,2006-02,1659,4
Premium,Finland,2006-03,1948,4
Premium,Finland,2006-04,2744,5
Premium,Finland,2006-05,3650,5
Premium,Finland,2006-06,3736,5
Premium,Finland,2006-07,4192,7
Premium,Finland,2006-08,3606,7
Premium,Finland,2006-09,2712,7
Premium,Finland,2006-10,3213,7
Premium,Finland,2006-11,3935,8
Premium,Finland,2006-12,6074,9
Premium,Finland,2007-01,6429,10
Premium,Finland,2007-02,4971,10
Premium,Finland,2007-03,4074,10
Premium,Finland,2007-04,3294,10
Premium,Finland,2007-05,2721,9
Premium,Finland,2007-06,1855,9
Premium,Finland,2007-07,1150,8
Premium,Finland,2007-08,1429,10
Premium,Finland,2007-09,2924,9
Premium,Finland,2007-10,3830,8
Premium,Finland,2007-11,5253,10
Premium,Finland,2007-12,3513,10
Premium,Finland,2008-01,5239,10
Premium,Finland,2008-02,3209,11
Premium,Finland,2008-03,3014,10
Premium,Finland,2008-04,3005,9
Premium,Finland,2008-05,2684,6
Premium,Finland,2008-06,1878,7
Premium,Finland,2008-07,1855,8
Premium,Finland,2008-08,3269,9
Premium,Finland,2008-09,4185,8
Premium,Finland,2008-10,4114,9
Premium,Finland,2008-11,5324,10
Premium,Finland,2008-12,4371,9
Premium,Finland,2009-01,3716,10
Premium,Finland,2009-02,3701,9
Premium,Finland,2009-03,3670,10
Premium,Finland,2009-04,3518,9
Premium,Finland,2009-05,2743,8
Premium,France,2006-04,574,1
Premium,France,2006-05,1230,1
Premium,France,2006-06,1599,1
Premium,France,2006-07,2197,1
Premium,France,2006-08,855,1
Premium,France,2006-09,1037,1
Premium,France,2006-10,1701,1
Premium,France,2006-11,1590,1
Premium,France,2006-12,709,1
Premium,France,2007-01,1030,2
Premium,France,2007-02,1400,2
Premium,France,2007-03,1447,2
Premium,France,2007-04,995,2
Premium,France,2007-05,1632,2
Premium,France,2007-06,1296,2
Premium,France,2007-07,545,2
Premium,France,2007-08,1650,2
Premium,France,2007-09,2067,3
Premium,France,2007-10,2726,3
Premium,France,2007-11,2768,3
Premium,France,2007-12,3206,3
Premium,France,2008-01,2678,3
Premium,France,2008-02,3350,3
Premium,France,2008-03,2572,3
Premium,France,2008-04,3141,4
Premium,France,2008-05,3782,4
Premium,France,2008-06,2380,4
Premium,France,2008-07,2860,4
Premium,France,2008-08,663,4
Premium,France,2008-09,2518,4
Premium,France,2008-10,1286,4
Premium,France,2008-11,1155,4
Premium,France,2008-12,1100,4
Premium,France,2009-01,2407,4
Premium,France,2009-02,3731,5
Premium,France,2009-03,4597,5
Premium,France,2009-04,3452,5
Premium,France,2009-05,175,3
Premium,Germany,2005-02,474,1
Premium,Germany,2005-03,606,1
Premium,Germany,2005-04,904,1
Premium,Germany,2005-05,418,1
Premium,Germany,2005-06,480,1
Premium,Germany,2005-07,549,1
Premium,Germany,2005-08,278,1
Premium,Germany,2005-09,278,1
Premium,Germany,2005-10,791,2
Premium,Germany,2005-11,1699,3
Premium,Germany,2005-12,2678,5
Premium,Germany,2006-01,4628,6
Premium,Germany,2006-02,2408,6
Premium,Germany,2006-03,2447,6
Premium,Germany,2006-04,1882,7
Premium,Germany,2006-05,2174,7
Premium,Germany,2006-06,1952,6
Premium,Germany,2006-07,2452,5
Premium,Germany,2006-08,3759,7
Premium,Germany,2006-09,2309,8
Premium,Germany,2006-10,2857,6
Premium,Germany,2006-11,3334,6
Premium,Germany,2006-12,2813,8
Premium,Germany,2007-01,3541,8
Premium,Germany,2007-02,3368,9
Premium,Germany,2007-03,3659,9
Premium,Germany,2007-04,2397,9
Premium,Germany,2007-05,3639,9
Premium,Germany,2007-06,3488,10
Premium,Germany,2007-07,5357,11
Premium,Germany,2007-08,5766,11
Premium,Germany,2007-09,5161,11
Premium,Germany,2007-10,5207,11
Premium,Germany,2007-11,5854,11
Premium,Germany,2007-12,4345,10
Premium,Germany,2008-01,5813,11
Premium,Germany,2008-02,3662,10
Premium,Germany,2008-03,4061,12
Premium,Germany,2008-04,2997,12
Premium,Germany,2008-05,4468,11
Premium,Germany,2008-06,5429,10
Premium,Germany,2008-07,5441,13
Premium,Germany,2008-08,4146,12
Premium,Germany,2008-09,4796,10
Premium,Germany,2008-10,5260,11
Premium,Germany,2008-11,4227,12
Premium,Germany,2008-12,4477,12
Premium,Germany,2009-01,7612,12
Premium,Germany,2009-02,5652,11
Premium,Germany,2009-03,5490,11
Premium,Germany,2009-04,5519,12
Premium,Germany,2009-05,699,10
Premium,Greece,2008-05,1017,1
Premium,Greece,2008-06,1070,1
Premium,Greece,2008-07,1160,1
Premium,Greece,2008-08,723,1
Premium,Greece,2008-09,1321,1
Premium,Greece,2008-10,994,1
Premium,Greece,2008-11,875,1
Premium,Greece,2008-12,563,1
Premium,Greece,2009-01,477,1
Premium,Greece,2009-02,419,1
Premium,Greece,2009-03,919,1
Premium,Greece,2009-04,459,1
Premium,Hungary,2007-01,1012,1
Premium,Hungary,2007-02,847,1
Premium,Hungary,2007-03,1071,1
Premium,Hungary,2007-04,1021,1
Premium,Hungary,2007-05,1258,1
Premium,Hungary,2007-06,1093,1
Premium,Hungary,2007-07,767,1
Premium,Hungary,2007-08,682,1
Premium,Hungary,2007-09,687,1
Premium,Hungary,2007-10,657,1
Premium,Hungary,2007-11,1329,1
Premium,Hungary,2007-12,814,1
Premium,Hungary,2008-01,603,1
Premium,Hungary,2008-02,164,1
Premium,Hungary,2008-03,186,1
Premium,Hungary,2008-04,153,1
Premium,Hungary,2008-05,342,1
Premium,Hungary,2008-06,289,1
Premium,Hungary,2008-07,154,1
Premium,Hungary,2008-08,146,1
Premium,Hungary,2008-09,155,1
Premium,Hungary,2008-10,241,1
Premium,Hungary,2008-11,214,1
Premium,Hungary,2008-12,137,1
Premium,Hungary,2009-01,125,1
Premium,Hungary,2009-02,69,1
Premium,Hungary,2009-03,204,1
Premium,Hungary,2009-04,219,1
Premium,India,2007-06,1233,1
Premium,India,2007-07,1202,1
Premium,India,2007-08,1421,1
Premium,India,2007-09,1013,1
Premium,India,2007-10,932,1
Premium,India,2007-11,618,1
Premium,India,2007-12,729,1
Premium,India,2008-01,1204,1
Premium,India,2008-02,1244,1
Premium,India,2008-03,745,1
Premium,India,2008-04,886,1
Premium,India,2008-05,794,1
Premium,India,2008-06,657,1
Premium,India,2008-07,456,1
Premium,India,2008-08,275,1
Premium,India,2008-09,1342,1
Premium,India,2008-10,1066,1
Premium,India,2008-11,764,1
Premium,India,2008-12,847,1
Premium,India,2009-01,825,1
Premium,India,2009-02,749,1
Premium,India,2009-03,494,1
Premium,India,2009-04,656,1
Premium,India,2009-05,56,1
Premium,Ireland,2007-01,24,1
Premium,Ireland,2007-02,1913,1
Premium,Ireland,2007-03,1427,1
Premium,Ireland,2007-04,1691,1
Premium,Ireland,2007-05,1322,1
Premium,Ireland,2007-06,1007,1
Premium,Ireland,2007-07,398,1
Premium,Ireland,2007-08,476,1
Premium,Ireland,2007-09,327,1
Premium,Ireland,2007-10,316,1
Premium,Ireland,2007-11,795,1
Premium,Ireland,2007-12,443,1
Premium,Ireland,2008-01,686,1
Premium,Ireland,2008-02,265,1
Premium,Ireland,2008-03,344,1
Premium,Ireland,2008-04,187,1
Premium,Ireland,2008-05,480,1
Premium,Ireland,2008-06,307,1
Premium,Ireland,2008-07,354,1
Premium,Ireland,2008-08,420,1
Premium,Ireland,2008-10,123,1
Premium,Ireland,2008-11,247,1
Premium,Ireland,2008-12,695,1
Premium,Ireland,2009-01,122,1
Premium,Ireland,2009-02,133,1
Premium,Ireland,2009-03,264,1
Premium,Ireland,2009-04,198,1
Premium,Ireland,2009-05,24,1
Premium,Israel,2008-08,1086,1
Premium,Israel,2008-09,682,1
Premium,Israel,2008-10,1395,1
Premium,Israel,2008-11,1953,1
Premium,Israel,2008-12,1804,1
Premium,Israel,2009-01,1839,1
Premium,Israel,2009-02,1988,1
Premium,Israel,2009-03,1761,1
Premium,Israel,2009-04,2169,1
Premium,Israel,2009-05,129,1
Premium,Italy,2005-02,6,1
Premium,Italy,2005-03,269,1
Premium,Italy,2005-08,128,1
Premium,Italy,2005-09,312,1
Premium,Italy,2005-10,196,1
Premium,Italy,2005-11,442,1
Premium,Italy,2005-12,293,1
Premium,Italy,2006-01,291,1
Premium,Italy,2006-02,145,1
Premium,Italy,2006-03,215,2
Premium,Italy,2006-04,109,2
Premium,Italy,2006-05,758,2
Premium,Italy,2006-06,847,2
Premium,Italy,2006-07,359,2
Premium,Italy,2006-08,95,1
Premium,Italy,2006-09,951,4
Premium,Italy,2006-10,1041,4
Premium,Italy,2006-11,1637,4
Premium,Italy,2006-12,1230,5
Premium,Italy,2007-01,4669,6
Premium,Italy,2007-02,4129,8
Premium,Italy,2007-03,4802,8
Premium,Italy,2007-04,3823,8
Premium,Italy,2007-05,4403,8
Premium,Italy,2007-06,3207,8
Premium,Italy,2007-07,4777,9
Premium,Italy,2007-08,4533,9
Premium,Italy,2007-09,6345,9
Premium,Italy,2007-10,3847,9
Premium,Italy,2007-11,4323,9
Premium,Italy,2007-12,4523,9
Premium,Italy,2008-01,4565,10
Premium,Italy,2008-02,4057,9
Premium,Italy,2008-03,4199,9
Premium,Italy,2008-04,3800,9
Premium,Italy,2008-05,7078,8
Premium,Italy,2008-06,5107,9
Premium,Italy,2008-07,4326,9
Premium,Italy,2008-08,6009,10
Premium,Italy,2008-09,6599,10
Premium,Italy,2008-10,4690,10
Premium,Italy,2008-11,4121,9
Premium,Italy,2008-12,3293,9
Premium,Italy,2009-01,4309,10
Premium,Italy,2009-02,3319,9
Premium,Italy,2009-03,3200,10
Premium,Italy,2009-04,2931,9
Premium,Italy,2009-05,1576,10
Premium,Japan,2005-05,37,1
Premium,Japan,2005-06,77,1
Premium,Japan,2005-07,111,1
Premium,Japan,2005-08,50,1
Premium,Japan,2005-09,141,1
Premium,Japan,2005-10,215,1
Premium,Japan,2005-11,239,1
Premium,Japan,2005-12,276,1
Premium,Japan,2006-01,249,1
Premium,Japan,2006-02,502,1
Premium,Japan,2006-03,269,1
Premium,Japan,2006-04,297,1
Premium,Japan,2006-05,414,2
Premium,Japan,2006-06,102,2
Premium,Japan,2006-07,274,2
Premium,Japan,2006-08,677,3
Premium,Japan,2006-09,1149,3
Premium,Japan,2006-10,784,2
Premium,Japan,2006-11,756,2
Premium,Japan,2006-12,741,2
Premium,Japan,2007-01,337,3
Premium,Japan,2007-02,118,2
Premium,Japan,2007-03,707,2
Premium,Japan,2007-04,634,2
Premium,Japan,2007-05,497,2
Premium,Japan,2007-06,883,2
Premium,Japan,2007-07,407,2
Premium,Japan,2007-08,687,2
Premium,Japan,2007-09,243,2
Premium,Japan,2007-10,1616,3
Premium,Japan,2007-11,711,3
Premium,Japan,2007-12,1069,3
Premium,Japan,2008-01,531,3
Premium,Japan,2008-02,622,2
Premium,Japan,2008-03,742,3
Premium,Japan,2008-04,645,3
Premium,Japan,2008-05,599,3
Premium,Japan,2008-06,777,3
Premium,Japan,2008-07,827,3
Premium,Japan,2008-08,828,3
Premium,Japan,2008-09,1061,3
Premium,Japan,2008-10,639,3
Premium,Japan,2008-11,1266,3
Premium,Japan,2008-12,2001,3
Premium,Japan,2009-01,1652,2
Premium,Japan,2009-02,1284,2
Premium,Japan,2009-03,1408,2
Premium,Japan,2009-04,1818,3
Premium,Japan,2009-05,153,2
Premium,Latvia,2008-09,436,1
Premium,Latvia,2008-10,965,1
Premium,Latvia,2008-11,1667,1
Premium,Latvia,2008-12,2876,1
Premium,Latvia,2009-01,3004,1
Premium,Latvia,2009-02,1174,1
Premium,Latvia,2009-03,880,1
Premium,Latvia,2009-04,464,1
Premium,Latvia,2009-05,170,1
Premium,Lithuania,2006-03,939,1
Premium,Lithuania,2006-04,1808,1
Premium,Lithuania,2006-05,1621,1
Premium,Lithuania,2006-06,1193,1
Premium,Lithuania,2006-07,1351,1
Premium,Lithuania,2006-08,1157,1
Premium,Lithuania,2006-09,150,1
Premium,Lithuania,2006-10,135,1
Premium,Lithuania,2006-11,255,1
Premium,Lithuania,2006-12,564,1
Premium,Lithuania,2007-01,389,1
Premium,Lithuania,2007-02,178,1
Premium,Lithuania,2007-03,190,1
Premium,Lithuania,2007-04,387,1
Premium,Lithuania,2007-05,180,1
Premium,Lithuania,2007-06,10,1
Premium,Lithuania,2007-07,109,1
Premium,Lithuania,2007-09,210,1
Premium,Lithuania,2007-10,851,1
Premium,Lithuania,2007-11,774,1
Premium,Lithuania,2007-12,1616,1
Premium,Lithuania,2008-01,1487,1
Premium,Lithuania,2008-02,277,1
Premium,Lithuania,2008-03,113,1
Premium,Lithuania,2008-04,39,1
Premium,Lithuania,2008-05,2,1
Premium,Lithuania,2008-06,23,1
Premium,Lithuania,2008-08,32,1
Premium,Lithuania,2008-09,21,1
Premium,Lithuania,2008-12,35,1
Premium,Lithuania,2009-01,1,1
Premium,Macedonia,2008-09,339,1
Premium,Macedonia,2008-10,990,1
Premium,Macedonia,2008-11,1477,1
Premium,Macedonia,2008-12,1161,1
Premium,Macedonia,2009-01,1086,1
Premium,Macedonia,2009-02,1125,1
Premium,Macedonia,2009-03,1593,1
Premium,Macedonia,2009-04,741,1
Premium,Macedonia,2009-05,123,1
Premium,Malta,2006-02,314,1
Premium,Malta,2006-03,136,1
Premium,Malta,2006-04,11,1
Premium,Malta,2006-05,489,1
Premium,Malta,2006-06,387,1
Premium,Malta,2006-07,163,1
Premium,Malta,2006-08,127,1
Premium,Malta,2006-09,109,1
Premium,Malta,2007-02,127,1
Premium,Malta,2007-03,404,1
Premium,Malta,2007-04,243,1
Premium,Malta,2007-05,283,1
Premium,Malta,2007-06,322,1
Premium,Malta,2007-07,441,1
Premium,Malta,2007-08,212,1
Premium,Malta,2007-09,151,1
Premium,Malta,2007-10,295,1
Premium,Malta,2007-11,217,1
Premium,Malta,2007-12,105,1
Premium,Malta,2008-01,83,1
Premium,Malta,2008-02,19,1
Premium,Malta,2008-03,208,1
Premium,Malta,2008-04,296,1
Premium,Malta,2008-05,62,1
Premium,Malta,2008-06,361,1
Premium,Malta,2008-07,82,1
Premium,Malta,2008-08,262,1
Premium,Malta,2008-09,251,1
Premium,Malta,2008-10,117,1
Premium,Malta,2008-11,116,1
Premium,Malta,2008-12,86,1
Premium,Malta,2009-03,119,1
Premium,Malta,2009-04,188,1
Premium,Mexico,2005-04,56,1
Premium,Mexico,2005-05,11,1
Premium,Mexico,2005-06,102,1
Premium,Mexico,2005-07,498,1
Premium,Mexico,2005-08,73,1
Premium,Mexico,2005-09,66,1
Premium,Mexico,2005-11,15,1
Premium,Mexico,2006-01,4,1
Premium,Mexico,2006-02,3,1
Premium,Mexico,2006-03,4,1
Premium,Mexico,2006-04,32,1
Premium,Mexico,2006-05,18,1
Premium,Mexico,2006-07,11,1
Premium,Mexico,2006-08,231,1
Premium,Mexico,2006-09,64,1
Premium,Mexico,2006-10,1598,2
Premium,Mexico,2006-11,1535,2
Premium,Mexico,2006-12,1595,2
Premium,Mexico,2007-01,1345,1
Premium,Mexico,2007-02,945,2
Premium,Mexico,2007-03,1024,2
Premium,Mexico,2007-04,879,3
Premium,Mexico,2007-05,2242,3
Premium,Mexico,2007-06,697,2
Premium,Mexico,2007-07,1556,3
Premium,Mexico,2007-08,1526,3
Premium,Mexico,2007-09,3146,3
Premium,Mexico,2007-10,1337,3
Premium,Mexico,2007-11,1539,3
Premium,Mexico,2007-12,1003,3
Premium,Mexico,2008-01,602,3
Premium,Mexico,2008-02,1284,3
Premium,Mexico,2008-03,994,3
Premium,Mexico,2008-04,669,3
Premium,Mexico,2008-05,1056,3
Premium,Mexico,2008-06,1134,3
Premium,Mexico,2008-07,1195,3
Premium,Mexico,2008-08,684,3
Premium,Mexico,2008-09,492,2
Premium,Mexico,2008-10,668,2
Premium,Mexico,2008-11,783,3
Premium,Mexico,2008-12,621,3
Premium,Mexico,2009-01,424,3
Premium,Mexico,2009-02,377,2
Premium,Mexico,2009-03,569,2
Premium,Mexico,2009-04,417,2
Premium,Mexico,2009-05,17,1
Premium,Morocco,2007-08,305,1
Premium,Morocco,2007-09,1325,1
Premium,Morocco,2007-10,2110,1
Premium,Morocco,2007-11,279,1
Premium,Morocco,2007-12,412,1
Premium,Morocco,2008-01,812,1
Premium,Morocco,2008-02,610,1
Premium,Morocco,2008-03,502,1
Premium,Morocco,2008-04,1441,1
Premium,Morocco,2008-05,1386,1
Premium,Morocco,2008-06,689,1
Premium,Morocco,2008-07,417,1
Premium,Morocco,2008-08,361,1
Premium,Morocco,2008-09,1275,1
Premium,Morocco,2008-10,280,1
Premium,Morocco,2008-11,775,1
Premium,Morocco,2008-12,1160,1
Premium,Morocco,2009-01,1230,1
Premium,Morocco,2009-02,803,1
Premium,Morocco,2009-03,1672,1
Premium,Morocco,2009-04,1580,1
Premium,Morocco,2009-05,222,1
Premium,Netherlands,2005-05,111,1
Premium,Netherlands,2005-06,456,1
Premium,Netherlands,2005-07,116,1
Premium,Netherlands,2005-08,142,1
Premium,Netherlands,2005-09,123,1
Premium,Netherlands,2005-10,238,1
Premium,Netherlands,2005-11,320,1
Premium,Netherlands,2005-12,267,1
Premium,Netherlands,2006-01,642,1
Premium,Netherlands,2006-02,510,1
Premium,Netherlands,2006-03,615,1
Premium,Netherlands,2006-04,465,1
Premium,Netherlands,2006-05,784,1
Premium,Netherlands,2006-06,812,1
Premium,Netherlands,2006-07,471,1
Premium,Netherlands,2006-08,410,1
Premium,Netherlands,2006-09,305,2
Premium,Netherlands,2006-10,538,2
Premium,Netherlands,2006-11,1056,2
Premium,Netherlands,2006-12,1475,2
Premium,Netherlands,2007-01,1322,3
Premium,Netherlands,2007-02,1237,3
Premium,Netherlands,2007-03,1661,3
Premium,Netherlands,2007-04,1824,3
Premium,Netherlands,2007-05,1467,3
Premium,Netherlands,2007-06,1193,3
Premium,Netherlands,2007-07,950,3
Premium,Netherlands,2007-08,959,3
Premium,Netherlands,2007-09,686,3
Premium,Netherlands,2007-10,765,3
Premium,Netherlands,2007-11,796,4
Premium,Netherlands,2007-12,797,3
Premium,Netherlands,2008-01,1223,4
Premium,Netherlands,2008-02,1841,4
Premium,Netherlands,2008-03,2623,4
Premium,Netherlands,2008-04,1533,4
Premium,Netherlands,2008-05,1552,4
Premium,Netherlands,2008-06,1136,4
Premium,Netherlands,2008-07,841,4
Premium,Netherlands,2008-08,722,4
Premium,Netherlands,2008-09,1480,5
Premium,Netherlands,2008-10,2541,6
Premium,Netherlands,2008-11,3059,6
Premium,Netherlands,2008-12,4214,5
Premium,Netherlands,2009-01,7087,6
Premium,Netherlands,2009-02,3327,6
Premium,Netherlands,2009-03,5106,6
Premium,Netherlands,2009-04,4100,6
Premium,Netherlands,2009-05,998,3
Premium,New Zealand,2005-12,1313,1
Premium,New Zealand,2006-02,10,1
Premium,New Zealand,2006-03,111,1
Premium,New Zealand,2006-04,30,1
Premium,New Zealand,2006-05,1628,1
Premium,New Zealand,2006-06,1178,1
Premium,New Zealand,2006-07,988,1
Premium,New Zealand,2006-08,611,1
Premium,New Zealand,2006-09,151,1
Premium,New Zealand,2006-10,30,1
Premium,New Zealand,2006-11,294,1
Premium,New Zealand,2006-12,165,1
Premium,New Zealand,2007-01,281,1
Premium,New Zealand,2007-02,188,1
Premium,New Zealand,2007-03,105,1
Premium,New Zealand,2007-04,114,1
Premium,New Zealand,2007-07,187,1
Premium,New Zealand,2007-08,58,1
Premium,New Zealand,2007-09,33,1
Premium,New Zealand,2007-10,1094,2
Premium,New Zealand,2007-11,783,2
Premium,New Zealand,2007-12,1233,2
Premium,New Zealand,2008-01,1861,2
Premium,New Zealand,2008-02,402,2
Premium,New Zealand,2008-03,302,2
Premium,New Zealand,2008-04,348,2
Premium,New Zealand,2008-05,555,1
Premium,New Zealand,2008-06,459,1
Premium,New Zealand,2008-07,350,1
Premium,New Zealand,2008-10,28,1
Premium,New Zealand,2008-11,289,1
Premium,New Zealand,2008-12,1622,1
Premium,New Zealand,2009-01,1316,2
Premium,New Zealand,2009-02,1398,2
Premium,New Zealand,2009-03,1328,2
Premium,New Zealand,2009-04,564,1
Premium,New Zealand,2009-05,124,2
Premium,Norway,2005-04,2134,3
Premium,Norway,2005-05,1950,3
Premium,Norway,2005-06,2617,4
Premium,Norway,2005-07,2147,4
Premium,Norway,2005-08,2526,4
Premium,Norway,2005-09,3201,4
Premium,Norway,2005-10,2396,4
Premium,Norway,2005-11,1959,4
Premium,Norway,2005-12,2304,5
Premium,Norway,2006-01,3147,5
Premium,Norway,2006-02,2423,6
Premium,Norway,2006-03,4791,7
Premium,Norway,2006-04,3997,7
Premium,Norway,2006-05,4119,7
Premium,Norway,2006-06,4277,8
Premium,Norway,2006-07,2827,7
Premium,Norway,2006-08,3044,8
Premium,Norway,2006-09,6330,9
Premium,Norway,2006-10,7939,8
Premium,Norway,2006-11,8165,9
Premium,Norway,2006-12,4192,9
Premium,Norway,2007-01,5963,11
Premium,Norway,2007-02,7067,10
Premium,Norway,2007-03,5555,12
Premium,Norway,2007-04,4813,12
Premium,Norway,2007-05,5412,10
Premium,Norway,2007-06,3286,9
Premium,Norway,2007-07,2073,7
Premium,Norway,2007-08,2580,9
Premium,Norway,2007-09,3851,9
Premium,Norway,2007-10,3955,10
Premium,Norway,2007-11,2985,10
Premium,Norway,2007-12,3627,10
Premium,Norway,2008-01,3896,10
Premium,Norway,2008-02,2962,11
Premium,Norway,2008-03,4585,11
Premium,Norway,2008-04,2836,12
Premium,Norway,2008-05,3295,12
Premium,Norway,2008-06,4025,13
Premium,Norway,2008-07,3308,12
Premium,Norway,2008-08,3629,12
Premium,Norway,2008-09,2715,10
Premium,Norway,2008-10,3209,11
Premium,Norway,2008-11,5505,13
Premium,Norway,2008-12,3516,12
Premium,Norway,2009-01,3690,12
Premium,Norway,2009-02,3949,11
Premium,Norway,2009-03,6194,11
Premium,Norway,2009-04,3208,12
Premium,Norway,2009-05,1519,9
Premium,Poland,2005-10,492,1
Premium,Poland,2005-11,247,1
Premium,Poland,2005-12,313,1
Premium,Poland,2006-01,464,1
Premium,Poland,2006-02,857,1
Premium,Poland,2006-03,614,1
Premium,Poland,2006-04,952,1
Premium,Poland,2006-05,1776,2
Premium,Poland,2006-06,3087,2
Premium,Poland,2006-07,2155,2
Premium,Poland,2006-08,1726,2
Premium,Poland,2006-09,2392,2
Premium,Poland,2006-10,1249,2
Premium,Poland,2006-11,681,2
Premium,Poland,2006-12,1222,3
Premium,Poland,2007-01,2532,4
Premium,Poland,2007-02,4284,5
Premium,Poland,2007-03,7207,5
Premium,Poland,2007-04,4746,5
Premium,Poland,2007-05,2878,6
Premium,Poland,2007-06,4767,6
Premium,Poland,2007-07,5256,8
Premium,Poland,2007-08,5723,10
Premium,Poland,2007-09,6141,9
Premium,Poland,2007-10,6735,11
Premium,Poland,2007-11,6362,11
Premium,Poland,2007-12,7178,11
Premium,Poland,2008-01,7972,11
Premium,Poland,2008-02,6743,11
Premium,Poland,2008-03,8749,11
Premium,Poland,2008-04,9059,13
Premium,Poland,2008-05,10938,14
Premium,Poland,2008-06,9016,13
Premium,Poland,2008-07,7586,13
Premium,Poland,2008-08,7432,13
Premium,Poland,2008-09,7818,15
Premium,Poland,2008-10,9563,16
Premium,Poland,2008-11,12227,16
Premium,Poland,2008-12,10305,15
Premium,Poland,2009-01,11603,15
Premium,Poland,2009-02,10514,13
Premium,Poland,2009-03,11281,16
Premium,Poland,2009-04,13963,17
Premium,Poland,2009-05,1075,11
Premium,Portugal,2006-10,210,1
Premium,Portugal,2006-11,321,1
Premium,Portugal,2007-05,767,1
Premium,Portugal,2007-06,1548,1
Premium,Portugal,2007-07,1135,1
Premium,Portugal,2007-09,14,1
Premium,Portugal,2007-10,9,1
Premium,Portugal,2007-11,236,1
Premium,Portugal,2007-12,612,1
Premium,Portugal,2008-01,1753,1
Premium,Portugal,2008-02,1394,1
Premium,Portugal,2008-03,1099,1
Premium,Portugal,2008-04,1474,1
Premium,Portugal,2008-05,97,1
Premium,Portugal,2008-06,32,1
Premium,Portugal,2008-07,1,1
Premium,Romania,2006-05,439,1
Premium,Romania,2006-06,561,1
Premium,Romania,2006-07,866,1
Premium,Romania,2006-08,625,1
Premium,Romania,2006-09,1491,1
Premium,Romania,2006-10,1259,1
Premium,Romania,2006-11,1170,1
Premium,Romania,2006-12,1682,2
Premium,Romania,2007-01,1985,2
Premium,Romania,2007-02,1784,2
Premium,Romania,2007-03,1875,2
Premium,Romania,2007-04,1539,2
Premium,Romania,2007-05,1625,2
Premium,Romania,2007-06,1904,3
Premium,Romania,2007-07,2135,3
Premium,Romania,2007-08,1457,2
Premium,Romania,2007-09,1175,2
Premium,Romania,2007-10,1483,3
Premium,Romania,2007-11,2152,3
Premium,Romania,2007-12,861,3
Premium,Romania,2008-01,711,2
Premium,Romania,2008-02,520,2
Premium,Romania,2008-03,838,2
Premium,Romania,2008-04,1078,2
Premium,Romania,2008-05,816,2
Premium,Romania,2008-06,649,2
Premium,Romania,2008-07,255,2
Premium,Romania,2008-08,569,2
Premium,Romania,2008-09,1285,2
Premium,Romania,2008-10,366,2
Premium,Romania,2008-11,1248,2
Premium,Romania,2008-12,537,2
Premium,Romania,2009-01,1227,2
Premium,Romania,2009-02,1517,2
Premium,Romania,2009-03,2002,2
Premium,Romania,2009-04,1973,2
Premium,Romania,2009-05,562,2
Premium,Russian Federation,2006-01,141,1
Premium,Russian Federation,2006-02,102,1
Premium,Russian Federation,2006-03,1421,2
Premium,Russian Federation,2006-04,1086,2
Premium,Russian Federation,2006-05,1051,2
Premium,Russian Federation,2006-06,336,2
Premium,Russian Federation,2006-07,618,2
Premium,Russian Federation,2006-08,396,2
Premium,Russian Federation,2006-09,566,2
Premium,Russian Federation,2006-10,373,2
Premium,Russian Federation,2006-11,1161,2
Premium,Russian Federation,2006-12,1289,3
Premium,Russian Federation,2007-01,193,3
Premium,Russian Federation,2007-02,1378,3
Premium,Russian Federation,2007-03,1736,5
Premium,Russian Federation,2007-04,6233,5
Premium,Russian Federation,2007-05,6026,5
Premium,Russian Federation,2007-06,4838,5
Premium,Russian Federation,2007-07,3152,5
Premium,Russian Federation,2007-08,2458,4
Premium,Russian Federation,2007-09,2026,5
Premium,Russian Federation,2007-10,4921,7
Premium,Russian Federation,2007-11,5147,6
Premium,Russian Federation,2007-12,6936,7
Premium,Russian Federation,2008-01,5962,7
Premium,Russian Federation,2008-02,3786,6
Premium,Russian Federation,2008-03,4928,7
Premium,Russian Federation,2008-04,4175,7
Premium,Russian Federation,2008-05,2817,7
Premium,Russian Federation,2008-06,3166,5
Premium,Russian Federation,2008-07,2963,5
Premium,Russian Federation,2008-08,3396,5
Premium,Russian Federation,2008-09,2441,5
Premium,Russian Federation,2008-10,3772,7
Premium,Russian Federation,2008-11,4201,5
Premium,Russian Federation,2008-12,4584,5
Premium,Russian Federation,2009-01,3788,4
Premium,Russian Federation,2009-02,3796,5
Premium,Russian Federation,2009-03,4092,5
Premium,Russian Federation,2009-04,2127,5
Premium,Russian Federation,2009-05,18,3
Premium,Serbia,2006-11,720,1
Premium,Serbia,2006-12,863,1
Premium,Serbia,2007-01,896,1
Premium,Serbia,2007-02,537,1
Premium,Serbia,2007-03,634,1
Premium,Serbia,2007-04,406,1
Premium,Serbia,2007-05,148,1
Premium,Serbia,2007-09,1470,1
Premium,Serbia,2007-10,977,1
Premium,Serbia,2007-11,788,1
Premium,Serbia,2007-12,1105,2
Premium,Serbia,2008-01,519,1
Premium,Serbia,2008-02,805,1
Premium,Serbia,2008-03,882,1
Premium,Serbia,2008-04,1038,1
Premium,Serbia,2008-05,1528,2
Premium,Serbia,2008-06,946,1
Premium,Serbia,2008-07,1021,1
Premium,Serbia,2008-08,1199,1
Premium,Serbia,2008-09,888,1
Premium,Serbia,2008-10,1387,1
Premium,Serbia,2008-11,1174,1
Premium,Serbia,2008-12,5086,3
Premium,Serbia,2009-01,5195,3
Premium,Serbia,2009-02,4630,3
Premium,Serbia,2009-03,2976,3
Premium,Serbia,2009-04,2374,3
Premium,Serbia,2009-05,37,2
Premium,Singapore,2007-05,2071,1
Premium,Singapore,2007-06,2319,1
Premium,Singapore,2007-07,2257,1
Premium,Singapore,2007-08,3300,1
Premium,Singapore,2007-09,2074,1
Premium,Singapore,2007-10,346,1
Premium,Singapore,2007-11,255,1
Premium,Singapore,2007-12,227,1
Premium,Singapore,2008-01,300,1
Premium,Singapore,2008-02,219,1
Premium,Singapore,2008-03,121,1
Premium,Singapore,2008-04,75,1
Premium,Singapore,2008-05,197,1
Premium,Singapore,2008-06,167,1
Premium,Singapore,2008-07,175,1
Premium,Singapore,2008-08,259,1
Premium,Singapore,2008-09,330,1
Premium,Singapore,2008-10,284,1
Premium,Singapore,2008-11,149,1
Premium,Singapore,2008-12,189,1
Premium,Singapore,2009-01,182,1
Premium,Singapore,2009-02,194,1
Premium,Singapore,2009-03,52,1
Premium,Slovakia,2005-12,1,1
Premium,Slovakia,2006-03,495,1
Premium,Slovakia,2006-04,853,1
Premium,Slovakia,2006-05,898,1
Premium,Slovakia,2006-06,176,1
Premium,Slovakia,2006-07,104,1
Premium,Slovakia,2006-08,1,1
Premium,Slovakia,2006-09,138,1
Premium,Slovakia,2006-10,87,1
Premium,Slovakia,2006-11,15,1
Premium,Slovakia,2006-12,207,1
Premium,Slovakia,2007-01,108,1
Premium,Slovakia,2007-02,94,1
Premium,Slovakia,2007-03,511,1
Premium,Slovakia,2007-04,1028,1
Premium,Slovakia,2007-05,1288,1
Premium,Slovakia,2007-06,769,1
Premium,Slovakia,2007-07,695,1
Premium,Slovakia,2007-08,1142,1
Premium,Slovakia,2007-09,1097,1
Premium,Slovakia,2007-10,1949,1
Premium,Slovakia,2007-11,1586,1
Premium,Slovakia,2007-12,771,1
Premium,Slovakia,2008-01,1456,1
Premium,Slovakia,2008-02,1275,1
Premium,Slovakia,2008-03,352,1
Premium,Slovakia,2008-06,406,1
Premium,Slovakia,2008-07,622,1
Premium,Slovakia,2008-08,498,1
Premium,Slovakia,2008-09,258,1
Premium,Slovakia,2008-10,96,1
Premium,Slovakia,2008-11,23,1
Premium,Slovakia,2009-01,276,1
Premium,Slovakia,2009-02,191,1
Premium,Slovakia,2009-03,181,1
Premium,Slovakia,2009-04,681,1
Premium,Slovenia,2007-05,389,1
Premium,Slovenia,2007-06,46,1
Premium,Slovenia,2007-07,108,1
Premium,Slovenia,2007-08,577,1
Premium,Slovenia,2007-09,682,1
Premium,Slovenia,2007-10,159,1
Premium,Slovenia,2007-11,314,1
Premium,Slovenia,2007-12,23,1
Premium,Slovenia,2008-03,217,1
Premium,Slovenia,2008-06,160,1
Premium,Slovenia,2008-07,3,1
Premium,Slovenia,2008-09,1246,1
Premium,Slovenia,2008-10,1312,1
Premium,Slovenia,2008-11,634,1
Premium,Slovenia,2008-12,1917,2
Premium,Slovenia,2009-01,5470,2
Premium,Slovenia,2009-02,5670,2
Premium,Slovenia,2009-03,4352,1
Premium,Slovenia,2009-04,3495,2
Premium,Slovenia,2009-05,1,1
Premium,Spain,2006-05,52,1
Premium,Spain,2006-06,231,1
Premium,Spain,2006-07,307,1
Premium,Spain,2006-08,468,1
Premium,Spain,2006-09,725,1
Premium,Spain,2006-10,801,1
Premium,Spain,2006-11,372,1
Premium,Spain,2006-12,1706,3
Premium,Spain,2007-01,1769,3
Premium,Spain,2007-02,1449,3
Premium,Spain,2007-03,1185,3
Premium,Spain,2007-04,1182,3
Premium,Spain,2007-05,1108,3
Premium,Spain,2007-06,1870,3
Premium,Spain,2007-07,1999,3
Premium,Spain,2007-08,926,2
Premium,Spain,2007-09,1518,3
Premium,Spain,2007-10,808,2
Premium,Spain,2007-11,1131,2
Premium,Spain,2007-12,1839,4
Premium,Spain,2008-01,2804,3
Premium,Spain,2008-02,3788,3
Premium,Spain,2008-03,4707,4
Premium,Spain,2008-04,3714,4
Premium,Spain,2008-05,7192,5
Premium,Spain,2008-06,6069,5
Premium,Spain,2008-07,4831,4
Premium,Spain,2008-08,1751,4
Premium,Spain,2008-09,3307,6
Premium,Spain,2008-10,4263,6
Premium,Spain,2008-11,4826,6
Premium,Spain,2008-12,3812,5
Premium,Spain,2009-01,2714,5
Premium,Spain,2009-02,2557,6
Premium,Spain,2009-03,5272,6
Premium,Spain,2009-04,4928,6
Premium,Spain,2009-05,378,6
Premium,Sweden,2005-03,142,1
Premium,Sweden,2005-04,235,1
Premium,Sweden,2005-05,447,1
Premium,Sweden,2005-06,1294,3
Premium,Sweden,2005-07,1160,2
Premium,Sweden,2005-08,1585,2
Premium,Sweden,2005-09,769,1
Premium,Sweden,2005-10,1140,1
Premium,Sweden,2005-11,1103,2
Premium,Sweden,2005-12,1638,3
Premium,Sweden,2006-01,1186,2
Premium,Sweden,2006-02,1389,3
Premium,Sweden,2006-03,992,3
Premium,Sweden,2006-04,817,4
Premium,Sweden,2006-05,2848,3
Premium,Sweden,2006-06,1947,3
Premium,Sweden,2006-07,3974,4
Premium,Sweden,2006-08,3624,5
Premium,Sweden,2006-09,1466,5
Premium,Sweden,2006-10,1608,5
Premium,Sweden,2006-11,3406,6
Premium,Sweden,2006-12,3474,6
Premium,Sweden,2007-01,3513,7
Premium,Sweden,2007-02,2949,7
Premium,Sweden,2007-03,3043,7
Premium,Sweden,2007-04,2670,6
Premium,Sweden,2007-05,3082,6
Premium,Sweden,2007-06,4406,7
Premium,Sweden,2007-07,3188,7
Premium,Sweden,2007-08,6009,7
Premium,Sweden,2007-09,7757,8
Premium,Sweden,2007-10,5981,8
Premium,Sweden,2007-11,4412,7
Premium,Sweden,2007-12,3786,7
Premium,Sweden,2008-01,3268,6
Premium,Sweden,2008-02,3060,6
Premium,Sweden,2008-03,3268,7
Premium,Sweden,2008-04,3407,6
Premium,Sweden,2008-05,2338,6
Premium,Sweden,2008-06,2372,7
Premium,Sweden,2008-07,3172,8
Premium,Sweden,2008-08,3202,7
Premium,Sweden,2008-09,3844,7
Premium,Sweden,2008-10,6944,9
Premium,Sweden,2008-11,5918,9
Premium,Sweden,2008-12,6568,10
Premium,Sweden,2009-01,9865,10
Premium,Sweden,2009-02,7434,10
Premium,Sweden,2009-03,6444,9
Premium,Sweden,2009-04,4017,10
Premium,Sweden,2009-05,483,8
Premium,Switzerland,2005-12,468,1
Premium,Switzerland,2006-01,2036,1
Premium,Switzerland,2006-02,1097,1
Premium,Switzerland,2006-03,684,1
Premium,Switzerland,2006-04,1436,1
Premium,Switzerland,2006-05,942,1
Premium,Switzerland,2006-06,430,1
Premium,Switzerland,2006-07,1392,2
Premium,Switzerland,2006-08,689,2
Premium,Switzerland,2006-10,272,1
Premium,Switzerland,2006-11,484,1
Premium,Switzerland,2006-12,326,1
Premium,Switzerland,2007-01,166,1
Premium,Switzerland,2007-02,1240,1
Premium,Switzerland,2007-03,378,1
Premium,Switzerland,2007-04,154,2
Premium,Switzerland,2007-05,774,2
Premium,Switzerland,2007-06,812,1
Premium,Switzerland,2007-07,18,1
Premium,Switzerland,2007-08,487,1
Premium,Switzerland,2007-09,702,2
Premium,Switzerland,2007-10,1573,3
Premium,Switzerland,2007-11,1797,3
Premium,Switzerland,2007-12,1628,2
Premium,Switzerland,2008-01,1160,2
Premium,Switzerland,2008-02,903,1
Premium,Switzerland,2008-03,1742,2
Premium,Switzerland,2008-04,656,3
Premium,Switzerland,2008-05,730,3
Premium,Switzerland,2008-06,1235,2
Premium,Switzerland,2008-07,932,3
Premium,Switzerland,2008-08,1347,2
Premium,Switzerland,2008-09,1257,2
Premium,Switzerland,2008-10,1269,3
Premium,Switzerland,2008-11,996,2
Premium,Switzerland,2008-12,1243,2
Premium,Switzerland,2009-01,2148,3
Premium,Switzerland,2009-02,2919,3
Premium,Switzerland,2009-03,1758,3
Premium,Switzerland,2009-04,1485,3
Premium,Switzerland,2009-05,106,2
Premium,Thailand,2005-02,228,1
Premium,Thailand,2005-03,180,1
Premium,Thailand,2005-04,112,1
Premium,Thailand,2005-05,40,1
Premium,Thailand,2005-06,278,1
Premium,Thailand,2005-07,828,1
Premium,Thailand,2005-08,259,1
Premium,Thailand,2005-09,153,1
Premium,Thailand,2005-10,92,1
Premium,Thailand,2005-11,134,1
Premium,Thailand,2005-12,209,1
Premium,Thailand,2006-01,2,1
Premium,Thailand,2006-02,53,1
Premium,Thailand,2006-03,4,1
Premium,Thailand,2006-04,5,1
Premium,Thailand,2006-05,43,1
Premium,Thailand,2006-06,55,1
Premium,Thailand,2006-09,26,1
Premium,Thailand,2006-10,86,1
Premium,Thailand,2006-11,34,1
Premium,Thailand,2006-12,1,1
Premium,Thailand,2007-01,125,1
Premium,Thailand,2007-02,86,1
Premium,Thailand,2007-03,187,1
Premium,Thailand,2007-04,227,1
Premium,Thailand,2007-05,618,1
Premium,Thailand,2007-06,209,1
Premium,Thailand,2007-07,288,1
Premium,Thailand,2007-08,595,2
Premium,Thailand,2007-09,700,2
Premium,Thailand,2007-10,1428,2
Premium,Thailand,2007-11,1181,2
Premium,Thailand,2007-12,853,2
Premium,Thailand,2008-01,580,2
Premium,Thailand,2008-02,288,2
Premium,Thailand,2008-03,894,2
Premium,Thailand,2008-04,1021,2
Premium,Thailand,2008-05,952,2
Premium,Thailand,2008-06,451,2
Premium,Thailand,2008-07,997,2
Premium,Thailand,2008-08,1630,2
Premium,Thailand,2008-09,205,2
Premium,Thailand,2008-10,599,2
Premium,Thailand,2008-11,1160,2
Premium,Thailand,2008-12,555,2
Premium,Thailand,2009-01,1211,2
Premium,Thailand,2009-02,310,2
Premium,Thailand,2009-03,1117,2
Premium,Thailand,2009-04,2167,2
Premium,Thailand,2009-05,234,2
Premium,Turkey,2005-03,606,1
Premium,Turkey,2005-04,892,1
Premium,Turkey,2005-05,753,1
Premium,Turkey,2005-06,147,1
Premium,Turkey,2005-07,243,1
Premium,Turkey,2005-08,417,2
Premium,Turkey,2005-09,1359,2
Premium,Turkey,2005-10,821,2
Premium,Turkey,2005-11,1172,3
Premium,Turkey,2005-12,1272,4
Premium,Turkey,2006-01,1603,4
Premium,Turkey,2006-02,1593,4
Premium,Turkey,2006-03,1160,5
Premium,Turkey,2006-04,1698,5
Premium,Turkey,2006-05,1530,6
Premium,Turkey,2006-06,2474,5
Premium,Turkey,2006-07,2613,6
Premium,Turkey,2006-08,2298,6
Premium,Turkey,2006-09,2047,6
Premium,Turkey,2006-10,2886,7
Premium,Turkey,2006-11,3207,7
Premium,Turkey,2006-12,3104,6
Premium,Turkey,2007-01,3615,7
Premium,Turkey,2007-02,2905,7
Premium,Turkey,2007-03,3233,7
Premium,Turkey,2007-04,2820,7
Premium,Turkey,2007-05,3017,6
Premium,Turkey,2007-06,2965,7
Premium,Turkey,2007-07,2953,6
Premium,Turkey,2007-08,2262,7
Premium,Turkey,2007-09,1880,5
Premium,Turkey,2007-10,1631,6
Premium,Turkey,2007-11,2507,7
Premium,Turkey,2007-12,1986,6
Premium,Turkey,2008-01,2352,6
Premium,Turkey,2008-02,2534,7
Premium,Turkey,2008-03,2579,7
Premium,Turkey,2008-04,2305,6
Premium,Turkey,2008-05,2346,7
Premium,Turkey,2008-06,2002,7
Premium,Turkey,2008-07,2263,7
Premium,Turkey,2008-08,2074,8
Premium,Turkey,2008-09,2271,8
Premium,Turkey,2008-10,2358,7
Premium,Turkey,2008-11,2432,8
Premium,Turkey,2008-12,2472,7
Premium,Turkey,2009-01,2141,7
Premium,Turkey,2009-02,2818,7
Premium,Turkey,2009-03,3031,7
Premium,Turkey,2009-04,1595,7
Premium,Turkey,2009-05,422,5
Premium,United Kingdom,2005-02,1487,4
Premium,United Kingdom,2005-03,3872,6
Premium,United Kingdom,2005-04,4507,7
Premium,United Kingdom,2005-05,4024,6
Premium,United Kingdom,2005-06,2604,9
Premium,United Kingdom,2005-07,2933,8
Premium,United Kingdom,2005-08,5342,11
Premium,United Kingdom,2005-09,3766,9
Premium,United Kingdom,2005-10,3258,10
Premium,United Kingdom,2005-11,3369,10
Premium,United Kingdom,2005-12,4951,12
Premium,United Kingdom,2006-01,7353,14
Premium,United Kingdom,2006-02,4937,15
Premium,United Kingdom,2006-03,7361,15
Premium,United Kingdom,2006-04,8572,15
Premium,United Kingdom,2006-05,13151,17
Premium,United Kingdom,2006-06,12457,19
Premium,United Kingdom,2006-07,15754,21
Premium,United Kingdom,2006-08,16077,25
Premium,United Kingdom,2006-09,19719,25
Premium,United Kingdom,2006-10,16759,26
Premium,United Kingdom,2006-11,13882,25
Premium,United Kingdom,2006-12,13127,28
Premium,United Kingdom,2007-01,14247,28
Premium,United Kingdom,2007-02,15130,27
Premium,United Kingdom,2007-03,12006,28
Premium,United Kingdom,2007-04,12687,30
Premium,United Kingdom,2007-05,11191,27
Premium,United Kingdom,2007-06,10448,28
Premium,United Kingdom,2007-07,17184,30
Premium,United Kingdom,2007-08,14318,31
Premium,United Kingdom,2007-09,14825,35
Premium,United Kingdom,2007-10,17171,29
Premium,United Kingdom,2007-11,13527,30
Premium,United Kingdom,2007-12,14251,29
Premium,United Kingdom,2008-01,15387,31
Premium,United Kingdom,2008-02,12714,30
Premium,United Kingdom,2008-03,12631,33
Premium,United Kingdom,2008-04,14461,32
Premium,United Kingdom,2008-05,15797,34
Premium,United Kingdom,2008-06,16935,35
Premium,United Kingdom,2008-07,16160,35
Premium,United Kingdom,2008-08,19404,33
Premium,United Kingdom,2008-09,20964,34
Premium,United Kingdom,2008-10,17647,34
Premium,United Kingdom,2008-11,17215,34
Premium,United Kingdom,2008-12,18930,35
Premium,United Kingdom,2009-01,16632,33
Premium,United Kingdom,2009-02,13386,30
Premium,United Kingdom,2009-03,19588,34
Premium,United Kingdom,2009-04,19846,41
Premium,United Kingdom,2009-05,2804,19
Premium,United States,2005-02,2537,6
Premium,United States,2005-03,4761,6
Premium,United States,2005-04,4174,8
Premium,United States,2005-05,2213,7
Premium,United States,2005-06,2244,9
Premium,United States,2005-07,2804,10
Premium,United States,2005-08,4763,10
Premium,United States,2005-09,3426,9
Premium,United States,2005-10,4724,12
Premium,United States,2005-11,4895,15
Premium,United States,2005-12,7556,17
Premium,United States,2006-01,6822,18
Premium,United States,2006-02,11267,24
Premium,United States,2006-03,11493,27
Premium,United States,2006-04,15303,30
Premium,United States,2006-05,19967,33
Premium,United States,2006-06,24321,36
Premium,United States,2006-07,21656,35
Premium,United States,2006-08,21938,38
Premium,United States,2006-09,26445,41
Premium,United States,2006-10,29854,42
Premium,United States,2006-11,29967,40
Premium,United States,2006-12,25153,41
Premium,United States,2007-01,26949,40
Premium,United States,2007-02,27941,41
Premium,United States,2007-03,20890,43
Premium,United States,2007-04,19987,42
Premium,United States,2007-05,30048,42
Premium,United States,2007-06,20994,37
Premium,United States,2007-07,24905,40
Premium,United States,2007-08,16626,39
Premium,United States,2007-09,15170,35
Premium,United States,2007-10,15193,39
Premium,United States,2007-11,14144,38
Premium,United States,2007-12,15400,35
Premium,United States,2008-01,16331,39
Premium,United States,2008-02,19040,38
Premium,United States,2008-03,16422,40
Premium,United States,2008-04,18819,40
Premium,United States,2008-05,18956,43
Premium,United States,2008-06,18395,43
Premium,United States,2008-07,21397,43
Premium,United States,2008-08,23378,41
Premium,United States,2008-09,27572,46
Premium,United States,2008-10,29471,45
Premium,United States,2008-11,24867,49
Premium,United States,2008-12,27069,53
Premium,United States,2009-01,38151,46
Premium,United States,2009-02,35976,49
Premium,United States,2009-03,35834,51
Premium,United States,2009-04,41501,61
Premium,United States,2009-05,2525,34
Premium,Zimbabwe,2007-07,746,1
Premium,Zimbabwe,2007-08,1075,1
Premium,Zimbabwe,2007-09,1405,1
Premium,Zimbabwe,2007-10,1191,1
Premium,Zimbabwe,2007-11,1324,1
Premium,Zimbabwe,2007-12,1305,1
Premium,Zimbabwe,2008-01,720,1
Premium,Zimbabwe,2008-02,941,1
Premium,Zimbabwe,2008-03,356,1
Premium,Zimbabwe,2008-04,750,1
Premium,Zimbabwe,2008-05,152,1
Premium,Zimbabwe,2008-06,27,1
Premium,Zimbabwe,2008-07,493,1
Premium,Zimbabwe,2008-08,748,1
Premium,Zimbabwe,2008-09,520,1
Premium,Zimbabwe,2008-10,719,1
Premium,Zimbabwe,2008-11,388,1
Premium,Zimbabwe,2008-12,1631,1
Premium,Zimbabwe,2009-01,1873,1
Premium,Zimbabwe,2009-02,536,1
Premium,Zimbabwe,2009-03,578,1
Premium,Zimbabwe,2009-04,251,1
Premium,Zimbabwe,2009-05,37,1
Student,Argentina,2005-02,1068,2
Student,Argentina,2005-03,2155,2
Student,Argentina,2005-04,3664,2
Student,Argentina,2005-05,2914,2
Student,Argentina,2005-06,4201,2
Student,Argentina,2005-07,3046,2
Student,Argentina,2005-08,2642,2
Student,Argentina,2005-09,3059,2
Student,Argentina,2005-10,2095,2
Student,Argentina,2005-11,3224,2
Student,Argentina,2005-12,3184,2
Student,Argentina,2006-01,2328,2
Student,Argentina,2006-02,7610,3
Student,Argentina,2006-03,10075,3
Student,Argentina,2006-04,7124,3
Student,Argentina,2006-05,8158,3
Student,Argentina,2006-06,7622,3
Student,Argentina,2006-07,9071,3
Student,Argentina,2006-08,8452,3
Student,Argentina,2006-09,7200,3
Student,Argentina,2006-10,6146,3
Student,Argentina,2006-11,5897,3
Student,Argentina,2006-12,9054,3
Student,Argentina,2007-01,4827,3
Student,Argentina,2007-02,6773,3
Student,Argentina,2007-03,2137,3
Student,Argentina,2007-04,1913,2
Student,Argentina,2007-05,2548,2
Student,Argentina,2007-06,3230,2
Student,Argentina,2007-07,1750,2
Student,Argentina,2007-08,3117,3
Student,Argentina,2007-09,4571,3
Student,Argentina,2007-10,4036,3
Student,Argentina,2007-11,5251,3
Student,Argentina,2007-12,5235,3
Student,Argentina,2008-01,3365,2
Student,Argentina,2008-02,4597,3
Student,Argentina,2008-03,3150,3
Student,Argentina,2008-04,7781,3
Student,Argentina,2008-05,7492,3
Student,Argentina,2008-06,7718,3
Student,Argentina,2008-07,8156,3
Student,Argentina,2008-08,8116,3
Student,Argentina,2008-09,9225,3
Student,Argentina,2008-10,8066,3
Student,Argentina,2008-11,6726,3
Student,Argentina,2008-12,4338,3
Student,Argentina,2009-01,2140,3
Student,Argentina,2009-02,3965,3
Student,Argentina,2009-03,3203,3
Student,Argentina,2009-04,4146,3
Student,Argentina,2009-05,630,2
Student,Australia,2006-06,1438,1
Student,Australia,2006-07,7271,1
Student,Australia,2006-08,6224,1
Student,Australia,2006-09,1636,1
Student,Australia,2006-10,1103,1
Student,Australia,2006-11,1110,1
Student,Australia,2006-12,866,1
Student,Australia,2007-01,1260,1
Student,Australia,2007-02,1490,1
Student,Australia,2007-03,288,1
Student,Australia,2007-04,371,1
Student,Australia,2007-05,216,1
Student,Australia,2007-06,254,1
Student,Australia,2007-08,24,1
Student,Australia,2007-09,1350,1
Student,Australia,2007-10,1734,1
Student,Australia,2007-11,1845,1
Student,Australia,2007-12,386,1
Student,Australia,2008-01,1318,1
Student,Australia,2008-02,2284,1
Student,Australia,2008-03,2313,1
Student,Australia,2008-04,2213,1
Student,Australia,2008-05,285,1
Student,Australia,2008-06,962,1
Student,Australia,2008-07,1707,1
Student,Australia,2008-08,2602,1
Student,Australia,2008-09,418,1
Student,Australia,2008-10,20,1
Student,Australia,2008-11,915,1
Student,Australia,2008-12,436,1
Student,Australia,2009-01,1110,1
Student,Australia,2009-02,1208,1
Student,Australia,2009-03,2003,1
Student,Australia,2009-04,254,1
Student,Australia,2009-05,3,1
Student,Belgium,2007-11,4547,1
Student,Belgium,2007-12,5171,1
Student,Belgium,2008-01,7149,1
Student,Belgium,2008-02,4910,1
Student,Belgium,2008-03,5682,1
Student,Belgium,2008-04,1618,1
Student,Belgium,2008-05,5127,1
Student,Belgium,2008-06,4000,1
Student,Belgium,2008-07,2898,1
Student,Belgium,2008-08,4140,1
Student,Belgium,2008-09,2592,1
Student,Belgium,2008-10,4409,1
Student,Belgium,2008-11,4469,1
Student,Belgium,2008-12,3548,1
Student,Belgium,2009-01,1030,1
Student,Belgium,2009-04,1,1
Student,Brazil,2005-02,126,1
Student,Brazil,2005-03,343,1
Student,Brazil,2005-04,443,1
Student,Brazil,2005-05,1091,1
Student,Brazil,2005-06,1424,2
Student,Brazil,2005-07,5079,3
Student,Brazil,2005-08,5390,3
Student,Brazil,2005-09,3919,3
Student,Brazil,2005-10,3327,3
Student,Brazil,2005-11,4836,3
Student,Brazil,2005-12,2848,3
Student,Brazil,2006-01,3045,3
Student,Brazil,2006-02,1464,2
Student,Brazil,2006-03,3168,3
Student,Brazil,2006-04,4335,3
Student,Brazil,2006-05,4419,3
Student,Brazil,2006-06,2267,3
Student,Brazil,2006-07,3082,3
Student,Brazil,2006-08,3984,3
Student,Brazil,2006-09,2114,3
Student,Brazil,2006-10,1861,3
Student,Brazil,2006-11,1971,3
Student,Brazil,2006-12,5806,3
Student,Brazil,2007-01,4106,3
Student,Brazil,2007-02,5078,3
Student,Brazil,2007-03,7321,3
Student,Brazil,2007-04,6341,3
Student,Brazil,2007-05,6741,3
Student,Brazil,2007-06,6776,3
Student,Brazil,2007-07,4684,2
Student,Brazil,2007-08,6610,3
Student,Brazil,2007-09,7313,3
Student,Brazil,2007-10,10111,3
Student,Brazil,2007-11,8215,3
Student,Brazil,2007-12,7237,3
Student,Brazil,2008-01,8513,3
Student,Brazil,2008-02,7364,3
Student,Brazil,2008-03,7608,3
Student,Brazil,2008-04,6551,3
Student,Brazil,2008-05,3332,3
Student,Brazil,2008-06,4475,3
Student,Brazil,2008-07,6129,3
Student,Brazil,2008-08,6278,3
Student,Brazil,2008-09,4012,3
Student,Brazil,2008-10,6030,3
Student,Brazil,2008-11,8265,3
Student,Brazil,2008-12,6734,3
Student,Brazil,2009-01,6654,3
Student,Brazil,2009-02,4392,3
Student,Brazil,2009-03,5854,3
Student,Brazil,2009-04,6420,3
Student,Brazil,2009-05,5677,3
Student,Bulgaria,2006-06,718,1
Student,Bulgaria,2006-07,2235,1
Student,Bulgaria,2006-08,1203,1
Student,Bulgaria,2006-09,1943,1
Student,Bulgaria,2006-10,2514,1
Student,Bulgaria,2006-11,2570,1
Student,Bulgaria,2006-12,2207,1
Student,Bulgaria,2007-01,2565,1
Student,Bulgaria,2007-02,2657,1
Student,Bulgaria,2007-03,2887,1
Student,Bulgaria,2007-04,2675,1
Student,Bulgaria,2007-05,3126,1
Student,Bulgaria,2007-06,3711,1
Student,Bulgaria,2007-07,4410,1
Student,Bulgaria,2007-08,2737,1
Student,Bulgaria,2007-09,2298,1
Student,Bulgaria,2007-10,1411,1
Student,Bulgaria,2007-11,1426,1
Student,Bulgaria,2007-12,1581,1
Student,Bulgaria,2008-01,1177,1
Student,Bulgaria,2008-02,596,1
Student,Bulgaria,2008-03,1433,1
Student,Bulgaria,2008-04,1507,1
Student,Bulgaria,2008-05,1951,1
Student,Bulgaria,2008-06,1839,1
Student,Bulgaria,2008-07,2017,1
Student,Bulgaria,2008-08,1207,1
Student,Bulgaria,2008-09,2785,1
Student,Bulgaria,2008-10,3110,1
Student,Bulgaria,2008-11,1429,1
Student,Bulgaria,2008-12,1733,1
Student,Bulgaria,2009-01,1800,1
Student,Bulgaria,2009-02,1569,1
Student,Bulgaria,2009-03,1200,1
Student,Bulgaria,2009-04,1235,1
Student,Bulgaria,2009-05,207,1
Student,Canada,2005-02,3498,1
Student,Canada,2005-03,5146,2
Student,Canada,2005-04,8033,3
Student,Canada,2005-05,9138,4
Student,Canada,2005-06,7828,4
Student,Canada,2005-07,6680,4
Student,Canada,2005-08,7777,4
Student,Canada,2005-09,3448,4
Student,Canada,2005-10,4107,4
Student,Canada,2005-11,4233,4
Student,Canada,2005-12,6725,5
Student,Canada,2006-01,7731,5
Student,Canada,2006-02,5460,5
Student,Canada,2006-03,7841,5
Student,Canada,2006-04,9955,6
Student,Canada,2006-05,8329,6
Student,Canada,2006-06,10181,7
Student,Canada,2006-07,8786,7
Student,Canada,2006-08,10500,7
Student,Canada,2006-09,10021,7
Student,Canada,2006-10,12328,7
Student,Canada,2006-11,13542,8
Student,Canada,2006-12,16353,8
Student,Canada,2007-01,15223,8
Student,Canada,2007-02,13741,8
Student,Canada,2007-03,11509,8
Student,Canada,2007-04,12226,8
Student,Canada,2007-05,10835,8
Student,Canada,2007-06,13493,8
Student,Canada,2007-07,12743,8
Student,Canada,2007-08,11445,8
Student,Canada,2007-09,10839,8
Student,Canada,2007-10,10724,8
Student,Canada,2007-11,13110,8
Student,Canada,2007-12,8930,7
Student,Canada,2008-01,9630,7
Student,Canada,2008-02,9355,7
Student,Canada,2008-03,5869,7
Student,Canada,2008-04,6162,8
Student,Canada,2008-05,8406,8
Student,Canada,2008-06,10015,8
Student,Canada,2008-07,10427,8
Student,Canada,2008-08,10980,8
Student,Canada,2008-09,14170,8
Student,Canada,2008-10,13794,7
Student,Canada,2008-11,11600,7
Student,Canada,2008-12,12673,8
Student,Canada,2009-01,13403,8
Student,Canada,2009-02,12743,8
Student,Canada,2009-03,14019,8
Student,Canada,2009-04,9239,8
Student,Canada,2009-05,2233,4
Student,Chile,2006-12,2596,1
Student,Chile,2007-01,2155,1
Student,Chile,2007-02,2517,1
Student,Chile,2007-03,1552,1
Student,Chile,2007-04,997,1
Student,Chile,2007-05,697,1
Student,Chile,2007-07,1240,1
Student,Chile,2007-08,324,1
Student,Chile,2007-09,908,1
Student,Chile,2007-10,1378,1
Student,Chile,2007-11,1188,1
Student,Chile,2007-12,853,1
Student,Chile,2008-01,2185,1
Student,Chile,2008-02,2384,1
Student,Chile,2008-03,2311,1
Student,Chile,2008-04,1363,1
Student,Chile,2008-05,1693,1
Student,Chile,2008-06,2322,1
Student,Chile,2008-07,3215,1
Student,Chile,2008-08,1924,1
Student,Chile,2008-09,1933,1
Student,Chile,2008-10,1478,1
Student,Chile,2008-11,1368,1
Student,Chile,2008-12,1479,1
Student,Chile,2009-01,1653,1
Student,Chile,2009-02,2314,1
Student,Chile,2009-03,1527,1
Student,Chile,2009-04,1089,1
Student,Chile,2009-05,646,1
Student,China,2005-12,2296,1
Student,China,2006-01,1194,1
Student,China,2006-02,1072,1
Student,China,2006-03,2756,1
Student,China,2006-04,3123,1
Student,China,2006-05,4065,1
Student,China,2006-06,3565,1
Student,China,2006-07,2650,1
Student,China,2006-08,2297,1
Student,China,2006-09,1315,1
Student,China,2006-10,3000,1
Student,China,2006-11,2290,1
Student,China,2006-12,1635,1
Student,China,2007-01,2243,1
Student,China,2007-02,2515,1
Student,China,2007-03,864,1
Student,China,2007-04,1881,1
Student,China,2007-05,1714,1
Student,China,2007-06,1022,1
Student,China,2007-07,1479,1
Student,China,2007-08,2698,1
Student,China,2007-09,2059,1
Student,China,2007-10,2056,1
Student,China,2007-11,1867,1
Student,China,2007-12,1444,1
Student,China,2008-01,1755,1
Student,China,2008-02,1688,1
Student,China,2008-03,2270,1
Student,China,2008-04,2966,1
Student,China,2008-05,2539,1
Student,China,2008-06,3264,1
Student,China,2008-07,3005,1
Student,China,2008-08,2911,1
Student,China,2008-09,1826,1
Student,China,2008-10,2064,1
Student,China,2008-11,1353,1
Student,China,2008-12,1449,1
Student,China,2009-01,1465,1
Student,China,2009-02,1173,1
Student,China,2009-03,1463,1
Student,China,2009-04,924,1
Student,Estonia,2006-03,529,1
Student,Estonia,2006-04,1485,1
Student,Estonia,2006-05,325,1
Student,Estonia,2006-06,2533,1
Student,Estonia,2006-07,2642,1
Student,Estonia,2006-08,2679,1
Student,Estonia,2006-09,2305,1
Student,Estonia,2006-10,2134,1
Student,Estonia,2006-11,2579,1
Student,Estonia,2006-12,1008,1
Student,Estonia,2007-01,1475,1
Student,Estonia,2007-02,1792,1
Student,Estonia,2007-03,2658,1
Student,Estonia,2007-04,3357,2
Student,Estonia,2007-05,5239,2
Student,Estonia,2007-06,4299,2
Student,Estonia,2007-07,4883,2
Student,Estonia,2007-08,4223,2
Student,Estonia,2007-09,3006,2
Student,Estonia,2007-10,5125,2
Student,Estonia,2007-11,6416,2
Student,Estonia,2007-12,6580,2
Student,Estonia,2008-01,4055,2
Student,Estonia,2008-02,2840,2
Student,Estonia,2008-03,5533,2
Student,Estonia,2008-04,2469,2
Student,Estonia,2008-05,2503,2
Student,Estonia,2008-06,2400,1
Student,Estonia,2008-07,4170,2
Student,Estonia,2008-08,3817,2
Student,Estonia,2008-09,2999,2
Student,Estonia,2008-10,2625,2
Student,Estonia,2008-11,2959,1
Student,Estonia,2008-12,2125,1
Student,Estonia,2009-01,2901,1
Student,Estonia,2009-02,1804,1
Student,Estonia,2009-03,10140,2
Student,Estonia,2009-04,10083,2
Student,Estonia,2009-05,531,1
Student,Finland,2005-02,882,1
Student,Finland,2005-03,3364,3
Student,Finland,2005-04,4450,3
Student,Finland,2005-05,4173,3
Student,Finland,2005-06,3631,4
Student,Finland,2005-07,4634,4
Student,Finland,2005-08,1246,3
Student,Finland,2005-09,1451,4
Student,Finland,2005-10,2445,4
Student,Finland,2005-11,1501,4
Student,Finland,2005-12,1890,4
Student,Finland,2006-01,2214,3
Student,Finland,2006-02,3141,4
Student,Finland,2006-03,2105,4
Student,Finland,2006-04,5157,3
Student,Finland,2006-05,6723,4
Student,Finland,2006-06,5331,4
Student,Finland,2006-07,6030,4
Student,Finland,2006-08,5796,4
Student,Finland,2006-09,5547,4
Student,Finland,2006-10,5379,4
Student,Finland,2006-11,5515,4
Student,Finland,2006-12,6014,4
Student,Finland,2007-01,7348,4
Student,Finland,2007-02,6951,4
Student,Finland,2007-03,6782,4
Student,Finland,2007-04,6739,4
Student,Finland,2007-05,8053,4
Student,Finland,2007-06,8823,5
Student,Finland,2007-07,9166,5
Student,Finland,2007-08,8584,5
Student,Finland,2007-09,8605,5
Student,Finland,2007-10,9467,5
Student,Finland,2007-11,8259,5
Student,Finland,2007-12,8612,5
Student,Finland,2008-01,10305,5
Student,Finland,2008-02,7243,5
Student,Finland,2008-03,7842,5
Student,Finland,2008-04,7118,5
Student,Finland,2008-05,6852,5
Student,Finland,2008-06,7099,5
Student,Finland,2008-07,7334,5
Student,Finland,2008-08,9175,5
Student,Finland,2008-09,8514,4
Student,Finland,2008-10,9343,4
Student,Finland,2008-11,9501,4
Student,Finland,2008-12,8059,4
Student,Finland,2009-01,8913,4
Student,Finland,2009-02,9471,4
Student,Finland,2009-03,8924,4
Student,Finland,2009-04,8071,4
Student,Finland,2009-05,8687,4
Student,Ireland,2005-11,1957,1
Student,Ireland,2005-12,1830,1
Student,Ireland,2006-01,2132,1
Student,Ireland,2006-02,2023,1
Student,Ireland,2006-03,1217,1
Student,Ireland,2006-04,1506,1
Student,Ireland,2006-05,2392,1
Student,Ireland,2006-06,463,1
Student,Ireland,2006-07,814,1
Student,Ireland,2006-08,1466,1
Student,Ireland,2006-09,1248,1
Student,Ireland,2006-10,502,1
Student,Ireland,2006-11,484,1
Student,Ireland,2006-12,353,1
Student,Ireland,2007-01,574,1
Student,Ireland,2007-02,310,1
Student,Ireland,2007-03,781,1
Student,Ireland,2007-04,682,1
Student,Ireland,2007-05,761,1
Student,Ireland,2007-06,286,1
Student,Ireland,2007-07,102,1
Student,Ireland,2007-08,605,1
Student,Ireland,2007-09,598,1
Student,Ireland,2007-10,673,1
Student,Ireland,2007-11,961,1
Student,Ireland,2007-12,256,1
Student,Ireland,2008-01,206,1
Student,Ireland,2008-02,400,1
Student,Ireland,2008-03,1763,1
Student,Ireland,2008-04,1658,1
Student,Ireland,2008-05,2889,1
Student,Ireland,2008-06,2117,1
Student,Ireland,2008-07,1523,1
Student,Ireland,2008-08,875,1
Student,Ireland,2008-09,1634,1
Student,Ireland,2008-10,950,1
Student,Ireland,2008-11,1446,1
Student,Ireland,2008-12,1028,1
Student,Ireland,2009-01,2338,1
Student,Ireland,2009-02,1124,1
Student,Ireland,2009-03,2387,1
Student,Ireland,2009-04,1489,1
Student,Mexico,2005-08,134,1
Student,Mexico,2005-09,348,1
Student,Mexico,2005-10,1649,1
Student,Mexico,2005-11,245,1
Student,Mexico,2005-12,126,1
Student,Mexico,2006-01,97,1
Student,Mexico,2006-02,2298,2
Student,Mexico,2006-03,4413,2
Student,Mexico,2006-04,3958,2
Student,Mexico,2006-05,3091,1
Student,Mexico,2006-06,5145,2
Student,Mexico,2006-07,5391,2
Student,Mexico,2006-08,4745,3
Student,Mexico,2006-09,7536,3
Student,Mexico,2006-10,6299,3
Student,Mexico,2006-11,5421,3
Student,Mexico,2006-12,4393,3
Student,Mexico,2007-01,4394,3
Student,Mexico,2007-02,5721,3
Student,Mexico,2007-03,5083,3
Student,Mexico,2007-04,4316,3
Student,Mexico,2007-05,4165,3
Student,Mexico,2007-06,4810,3
Student,Mexico,2007-07,4370,3
Student,Mexico,2007-08,4950,3
Student,Mexico,2007-09,5073,3
Student,Mexico,2007-10,5042,3
Student,Mexico,2007-11,3812,3
Student,Mexico,2007-12,7532,3
Student,Mexico,2008-01,6051,3
Student,Mexico,2008-02,5465,3
Student,Mexico,2008-03,5483,3
Student,Mexico,2008-04,3834,3
Student,Mexico,2008-05,8221,3
Student,Mexico,2008-06,6407,3
Student,Mexico,2008-07,9482,3
Student,Mexico,2008-08,6768,3
Student,Mexico,2008-09,12162,3
Student,Mexico,2008-10,10151,3
Student,Mexico,2008-11,8238,3
Student,Mexico,2008-12,6408,3
Student,Mexico,2009-01,8065,3
Student,Mexico,2009-02,7102,3
Student,Mexico,2009-03,6719,3
Student,Mexico,2009-04,6717,3
Student,Mexico,2009-05,1697,2
Student,Netherlands,2007-09,2163,1
Student,Netherlands,2007-10,2719,1
Student,Netherlands,2007-11,2534,1
Student,Netherlands,2007-12,2313,1
Student,Netherlands,2008-01,3068,1
Student,Netherlands,2008-02,2046,1
Student,Netherlands,2008-03,5206,1
Student,Netherlands,2008-04,2827,1
Student,Netherlands,2008-05,3235,1
Student,Netherlands,2008-06,3700,1
Student,Netherlands,2008-07,1587,1
Student,Netherlands,2008-08,3112,1
Student,Netherlands,2008-09,2771,1
Student,Netherlands,2008-10,3322,1
Student,Netherlands,2008-11,3075,1
Student,Netherlands,2008-12,3191,1
Student,Netherlands,2009-01,2606,1
Student,Netherlands,2009-02,2497,1
Student,Netherlands,2009-03,2004,1
Student,Netherlands,2009-04,1334,1
Student,Norway,2005-02,12,1
Student,Norway,2005-03,523,1
Student,Norway,2005-04,712,1
Student,Norway,2005-05,155,1
Student,Norway,2005-06,783,1
Student,Norway,2005-07,639,1
Student,Norway,2005-08,398,1
Student,Norway,2005-09,1323,1
Student,Norway,2005-10,1385,1
Student,Norway,2005-11,3165,2
Student,Norway,2005-12,5670,3
Student,Norway,2006-01,6093,3
Student,Norway,2006-02,5740,3
Student,Norway,2006-03,6389,3
Student,Norway,2006-04,4399,3
Student,Norway,2006-05,4597,3
Student,Norway,2006-06,4655,3
Student,Norway,2006-07,4187,3
Student,Norway,2006-08,5495,3
Student,Norway,2006-09,5689,3
Student,Norway,2006-10,7067,3
Student,Norway,2006-11,8092,3
Student,Norway,2006-12,4129,3
Student,Norway,2007-01,5729,3
Student,Norway,2007-02,6573,3
Student,Norway,2007-03,5213,3
Student,Norway,2007-04,5114,3
Student,Norway,2007-05,6701,3
Student,Norway,2007-06,6358,3
Student,Norway,2007-07,3741,3
Student,Norway,2007-08,4212,3
Student,Norway,2007-09,3001,3
Student,Norway,2007-10,3449,3
Student,Norway,2007-11,4490,3
Student,Norway,2007-12,3706,3
Student,Norway,2008-01,2755,3
Student,Norway,2008-02,2555,3
Student,Norway,2008-03,2572,3
Student,Norway,2008-04,3561,3
Student,Norway,2008-05,629,3
Student,Norway,2008-06,2838,3
Student,Norway,2008-07,2761,3
Student,Norway,2008-08,4344,3
Student,Norway,2008-09,3434,3
Student,Norway,2008-10,2366,3
Student,Norway,2008-11,4191,3
Student,Norway,2008-12,3248,3
Student,Norway,2009-01,2333,3
Student,Norway,2009-02,2749,3
Student,Norway,2009-03,2725,3
Student,Norway,2009-04,2556,3
Student,Norway,2009-05,1303,3
Student,Peru,2006-02,337,1
Student,Peru,2006-03,1508,1
Student,Peru,2006-04,2229,1
Student,Peru,2006-05,2066,1
Student,Peru,2006-06,317,1
Student,Peru,2006-07,3212,1
Student,Peru,2006-08,3643,1
Student,Peru,2006-09,2356,1
Student,Peru,2006-10,2733,1
Student,Peru,2006-11,3881,1
Student,Peru,2006-12,3632,1
Student,Peru,2007-01,2648,1
Student,Peru,2007-02,2220,1
Student,Peru,2007-03,2802,1
Student,Peru,2007-04,1875,1
Student,Peru,2007-05,1194,1
Student,Peru,2007-06,620,1
Student,Peru,2007-07,894,1
Student,Peru,2007-08,913,1
Student,Peru,2007-09,1198,1
Student,Peru,2007-10,1624,1
Student,Peru,2007-11,270,1
Student,Peru,2008-01,540,1
Student,Peru,2008-02,1597,1
Student,Peru,2008-03,958,1
Student,Peru,2008-04,1186,1
Student,Peru,2008-05,1097,1
Student,Peru,2008-06,1607,1
Student,Peru,2008-07,1191,1
Student,Peru,2008-08,609,1
Student,Peru,2008-09,1015,1
Student,Peru,2008-10,935,1
Student,Peru,2008-11,1004,1
Student,Peru,2008-12,650,1
Student,Peru,2009-01,829,1
Student,Peru,2009-02,782,1
Student,Peru,2009-03,743,1
Student,Peru,2009-04,523,1
Student,Poland,2005-07,143,1
Student,Poland,2005-08,398,1
Student,Poland,2005-09,624,1
Student,Poland,2005-10,1150,1
Student,Poland,2005-11,1782,1
Student,Poland,2005-12,4207,2
Student,Poland,2006-01,10272,2
Student,Poland,2006-02,7225,2
Student,Poland,2006-03,8141,2
Student,Poland,2006-04,7943,3
Student,Poland,2006-05,9421,3
Student,Poland,2006-06,7166,3
Student,Poland,2006-07,3228,3
Student,Poland,2006-08,6807,4
Student,Poland,2006-09,14922,4
Student,Poland,2006-10,11355,4
Student,Poland,2006-11,8144,4
Student,Poland,2006-12,15338,5
Student,Poland,2007-01,16616,5
Student,Poland,2007-02,11753,5
Student,Poland,2007-03,8916,5
Student,Poland,2007-04,7294,5
Student,Poland,2007-05,6955,5
Student,Poland,2007-06,8036,5
Student,Poland,2007-07,9917,5
Student,Poland,2007-08,6614,5
Student,Poland,2007-09,9734,5
Student,Poland,2007-10,8629,5
Student,Poland,2007-11,7996,5
Student,Poland,2007-12,9775,5
Student,Poland,2008-01,10493,5
Student,Poland,2008-02,9441,5
Student,Poland,2008-03,10632,5
Student,Poland,2008-04,10740,5
Student,Poland,2008-05,10233,5
Student,Poland,2008-06,10504,5
Student,Poland,2008-07,7926,5
Student,Poland,2008-08,10073,5
Student,Poland,2008-09,8769,5
Student,Poland,2008-10,11501,5
Student,Poland,2008-11,12776,5
Student,Poland,2008-12,8985,5
Student,Poland,2009-01,11430,5
Student,Poland,2009-02,8316,5
Student,Poland,2009-03,9617,5
Student,Poland,2009-04,10451,5
Student,Poland,2009-05,2713,3
Student,Romania,2007-01,241,1
Student,Romania,2007-02,2058,1
Student,Romania,2007-03,2321,1
Student,Romania,2007-04,3256,1
Student,Romania,2007-05,2820,1
Student,Romania,2007-06,2961,1
Student,Romania,2007-07,2598,1
Student,Romania,2007-08,2022,1
Student,Romania,2007-09,2065,1
Student,Romania,2007-10,2144,1
Student,Romania,2007-11,2379,1
Student,Romania,2007-12,2160,1
Student,Romania,2008-01,2962,1
Student,Romania,2008-02,2980,1
Student,Romania,2008-03,2591,1
Student,Romania,2008-04,3099,1
Student,Romania,2008-05,3633,1
Student,Romania,2008-06,3298,1
Student,Romania,2008-07,318,1
Student,Romania,2008-08,3819,1
Student,Romania,2008-09,3411,1
Student,Romania,2008-10,2651,1
Student,Romania,2008-11,2656,1
Student,Romania,2008-12,3936,1
Student,Romania,2009-01,4249,1
Student,Romania,2009-02,4145,1
Student,Romania,2009-03,3388,1
Student,Romania,2009-04,3358,1
Student,Romania,2009-05,31,1
Student,Russian Federation,2005-07,1,1
Student,Russian Federation,2005-09,3123,1
Student,Russian Federation,2005-10,5213,1
Student,Russian Federation,2005-11,5189,1
Student,Russian Federation,2005-12,5130,1
Student,Russian Federation,2006-01,5450,1
Student,Russian Federation,2006-02,4932,1
Student,Russian Federation,2006-03,4790,1
Student,Russian Federation,2006-04,4114,1
Student,Russian Federation,2006-05,3602,1
Student,Russian Federation,2006-06,3517,1
Student,Russian Federation,2006-07,3326,1
Student,Russian Federation,2006-08,3401,1
Student,Russian Federation,2006-09,3326,1
Student,Russian Federation,2006-10,2672,1
Student,Russian Federation,2006-11,2597,1
Student,Russian Federation,2006-12,2262,1
Student,Russian Federation,2007-01,2556,1
Student,Russian Federation,2007-02,2253,1
Student,Russian Federation,2007-03,2845,1
Student,Russian Federation,2007-04,2360,1
Student,Russian Federation,2007-05,2571,1
Student,Russian Federation,2007-06,2584,1
Student,Russian Federation,2007-07,2782,1
Student,Russian Federation,2007-08,2494,1
Student,Russian Federation,2007-09,2444,1
Student,Russian Federation,2007-10,3005,1
Student,Russian Federation,2007-11,3189,1
Student,Russian Federation,2007-12,3120,1
Student,Russian Federation,2008-01,3441,1
Student,Russian Federation,2008-02,2495,1
Student,Russian Federation,2008-03,3040,1
Student,Russian Federation,2008-04,2360,1
Student,Russian Federation,2008-05,2962,1
Student,Russian Federation,2008-06,2666,1
Student,Russian Federation,2008-07,2844,1
Student,Russian Federation,2008-08,2109,1
Student,Russian Federation,2008-09,2325,1
Student,Russian Federation,2008-10,3450,1
Student,Russian Federation,2008-11,3910,1
Student,Russian Federation,2008-12,3743,1
Student,Russian Federation,2009-01,3296,1
Student,Russian Federation,2009-02,3064,1
Student,Russian Federation,2009-03,3365,1
Student,Russian Federation,2009-04,2038,1
Student,Spain,2007-10,4582,1
Student,Spain,2007-11,4629,1
Student,Spain,2007-12,5191,1
Student,Spain,2008-01,2868,1
Student,Spain,2008-02,2390,1
Student,Spain,2008-03,3580,1
Student,Spain,2008-04,2535,1
Student,Spain,2008-05,3160,1
Student,Spain,2008-06,4188,1
Student,Spain,2008-07,2245,1
Student,Spain,2008-08,1309,1
Student,Spain,2008-09,3832,1
Student,Spain,2008-10,3699,1
Student,Spain,2008-11,4392,1
Student,Spain,2008-12,2175,1
Student,Spain,2009-01,1506,1
Student,Spain,2009-02,3601,1
Student,Spain,2009-03,2864,1
Student,Spain,2009-04,1573,1
Student,Sweden,2005-04,4,1
Student,Sweden,2005-05,415,1
Student,Sweden,2006-04,347,1
Student,Sweden,2006-05,2500,1
Student,Sweden,2006-06,2036,1
Student,Sweden,2006-07,6410,2
Student,Sweden,2006-08,4064,2
Student,Sweden,2006-09,2299,2
Student,Sweden,2006-10,1851,1
Student,Sweden,2006-11,8612,2
Student,Sweden,2006-12,8374,2
Student,Sweden,2007-01,9016,2
Student,Sweden,2007-02,7527,2
Student,Sweden,2007-03,9749,2
Student,Sweden,2007-04,7323,2
Student,Sweden,2007-05,5159,2
Student,Sweden,2007-06,7069,2
Student,Sweden,2007-07,3648,2
Student,Sweden,2007-08,2670,2
Student,Sweden,2007-09,3169,2
Student,Sweden,2007-10,2014,2
Student,Sweden,2007-11,2814,2
Student,Sweden,2007-12,1117,2
Student,Sweden,2008-01,1610,2
Student,Sweden,2008-02,1912,2
Student,Sweden,2008-03,1788,2
Student,Sweden,2008-04,2514,2
Student,Sweden,2008-05,2446,2
Student,Sweden,2008-06,861,2
Student,Sweden,2008-07,1284,2
Student,Sweden,2008-08,846,2
Student,Sweden,2008-09,1009,2
Student,Sweden,2008-10,163,1
Student,Sweden,2008-12,347,1
Student,Sweden,2009-01,2534,2
Student,Sweden,2009-02,1288,2
Student,Sweden,2009-03,1678,2
Student,Sweden,2009-04,839,2
Student,Sweden,2009-05,1479,2
Student,Trinidad and Tobago,2006-06,1061,1
Student,Trinidad and Tobago,2006-07,2457,1
Student,Trinidad and Tobago,2006-08,2832,1
Student,Trinidad and Tobago,2006-09,3491,1
Student,Trinidad and Tobago,2006-10,2796,1
Student,Trinidad and Tobago,2006-11,2682,1
Student,Trinidad and Tobago,2006-12,3144,1
Student,Trinidad and Tobago,2007-01,1703,1
Student,Trinidad and Tobago,2007-02,2138,1
Student,Trinidad and Tobago,2007-03,2149,1
Student,Trinidad and Tobago,2007-04,2032,1
Student,Trinidad and Tobago,2007-05,2984,1
Student,Trinidad and Tobago,2007-06,3180,1
Student,Trinidad and Tobago,2007-07,2268,1
Student,Trinidad and Tobago,2007-08,2775,1
Student,Trinidad and Tobago,2007-09,3503,1
Student,Trinidad and Tobago,2007-10,2182,1
Student,Trinidad and Tobago,2007-11,1940,1
Student,Trinidad and Tobago,2007-12,3274,1
Student,Trinidad and Tobago,2008-01,2753,1
Student,Trinidad and Tobago,2008-02,1911,1
Student,Trinidad and Tobago,2008-03,3213,1
Student,Trinidad and Tobago,2008-04,2977,1
Student,Trinidad and Tobago,2008-05,1629,1
Student,Trinidad and Tobago,2008-06,1332,1
Student,Trinidad and Tobago,2008-07,2058,1
Student,Trinidad and Tobago,2008-08,1727,1
Student,Trinidad and Tobago,2008-09,1829,1
Student,Trinidad and Tobago,2008-10,2195,1
Student,Trinidad and Tobago,2008-11,846,1
Student,Trinidad and Tobago,2008-12,640,1
Student,Trinidad and Tobago,2009-01,600,1
Student,Trinidad and Tobago,2009-02,381,1
Student,Trinidad and Tobago,2009-03,510,1
Student,Trinidad and Tobago,2009-04,1117,1
Student,Turkey,2005-04,656,1
Student,Turkey,2005-05,1599,1
Student,Turkey,2005-06,3931,2
Student,Turkey,2005-07,4664,2
Student,Turkey,2005-08,2562,2
Student,Turkey,2005-09,4967,2
Student,Turkey,2005-10,3722,2
Student,Turkey,2005-11,2581,2
Student,Turkey,2005-12,3430,2
Student,Turkey,2006-01,5997,3
Student,Turkey,2006-02,7256,3
Student,Turkey,2006-03,4629,2
Student,Turkey,2006-04,5008,2
Student,Turkey,2006-05,4922,1
Student,Turkey,2006-06,2273,2
Student,Turkey,2006-07,4217,3
Student,Turkey,2006-08,2745,3
Student,Turkey,2006-09,2909,3
Student,Turkey,2006-10,5180,3
Student,Turkey,2006-11,3289,3
Student,Turkey,2006-12,2262,3
Student,Turkey,2007-01,2920,3
Student,Turkey,2007-02,3827,3
Student,Turkey,2007-03,2095,3
Student,Turkey,2007-04,3446,3
Student,Turkey,2007-05,2527,3
Student,Turkey,2007-06,1480,2
Student,Turkey,2007-07,1432,2
Student,Turkey,2007-08,2483,3
Student,Turkey,2007-09,2536,3
Student,Turkey,2007-10,2730,3
Student,Turkey,2007-11,1481,3
Student,Turkey,2007-12,2861,3
Student,Turkey,2008-01,3922,3
Student,Turkey,2008-02,3240,3
Student,Turkey,2008-03,3169,3
Student,Turkey,2008-04,5467,3
Student,Turkey,2008-05,5690,3
Student,Turkey,2008-06,1295,3
Student,Turkey,2008-07,2852,3
Student,Turkey,2008-08,2246,3
Student,Turkey,2008-09,4367,3
Student,Turkey,2008-10,4153,3
Student,Turkey,2008-11,3067,3
Student,Turkey,2008-12,3699,3
Student,Turkey,2009-01,5977,3
Student,Turkey,2009-02,3518,3
Student,Turkey,2009-03,3145,3
Student,Turkey,2009-04,3070,3
Student,Turkey,2009-05,2987,3
Student,United Kingdom,2005-02,1452,3
Student,United Kingdom,2005-03,2262,3
Student,United Kingdom,2005-04,7527,4
Student,United Kingdom,2005-05,8422,4
Student,United Kingdom,2005-06,4517,3
Student,United Kingdom,2005-07,3871,3
Student,United Kingdom,2005-08,3635,3
Student,United Kingdom,2005-09,4859,4
Student,United Kingdom,2005-10,8577,5
Student,United Kingdom,2005-11,6821,5
Student,United Kingdom,2005-12,12508,5
Student,United Kingdom,2006-01,8715,5
Student,United Kingdom,2006-02,9421,6
Student,United Kingdom,2006-03,12538,6
Student,United Kingdom,2006-04,10439,6
Student,United Kingdom,2006-05,15499,7
Student,United Kingdom,2006-06,13453,9
Student,United Kingdom,2006-07,13538,9
Student,United Kingdom,2006-08,14961,9
Student,United Kingdom,2006-09,16105,9
Student,United Kingdom,2006-10,17592,9
Student,United Kingdom,2006-11,14331,8
Student,United Kingdom,2006-12,12810,8
Student,United Kingdom,2007-01,14862,10
Student,United Kingdom,2007-02,22147,10
Student,United Kingdom,2007-03,25302,10
Student,United Kingdom,2007-04,25720,11
Student,United Kingdom,2007-05,24199,11
Student,United Kingdom,2007-06,22723,11
Student,United Kingdom,2007-07,19957,11
Student,United Kingdom,2007-08,19103,11
Student,United Kingdom,2007-09,19593,11
Student,United Kingdom,2007-10,19921,11
Student,United Kingdom,2007-11,19954,11
Student,United Kingdom,2007-12,16835,11
Student,United Kingdom,2008-01,17955,11
Student,United Kingdom,2008-02,19116,11
Student,United Kingdom,2008-03,21950,11
Student,United Kingdom,2008-04,15122,11
Student,United Kingdom,2008-05,22241,11
Student,United Kingdom,2008-06,21496,11
Student,United Kingdom,2008-07,18592,11
Student,United Kingdom,2008-08,20653,11
Student,United Kingdom,2008-09,30097,11
Student,United Kingdom,2008-10,19673,11
Student,United Kingdom,2008-11,19125,11
Student,United Kingdom,2008-12,18379,11
Student,United Kingdom,2009-01,21813,11
Student,United Kingdom,2009-02,19555,11
Student,United Kingdom,2009-03,21245,11
Student,United Kingdom,2009-04,19580,11
Student,United Kingdom,2009-05,1662,3
Student,United States,2005-02,519,2
Student,United States,2005-03,1491,4
Student,United States,2005-04,3731,5
Student,United States,2005-05,3329,6
Student,United States,2005-06,13368,9
Student,United States,2005-07,16113,11
Student,United States,2005-08,24668,12
Student,United States,2005-09,26497,15
Student,United States,2005-10,30350,13
Student,United States,2005-11,26527,15
Student,United States,2005-12,43849,20
Student,United States,2006-01,52015,20
Student,United States,2006-02,54907,25
Student,United States,2006-03,67135,26
Student,United States,2006-04,70014,27
Student,United States,2006-05,66694,27
Student,United States,2006-06,71932,28
Student,United States,2006-07,69804,29
Student,United States,2006-08,68607,29
Student,United States,2006-09,63140,29
Student,United States,2006-10,68167,29
Student,United States,2006-11,67628,28
Student,United States,2006-12,68641,29
Student,United States,2007-01,71832,29
Student,United States,2007-02,68923,29
Student,United States,2007-03,61479,29
Student,United States,2007-04,64832,29
Student,United States,2007-05,54732,30
Student,United States,2007-06,49973,29
Student,United States,2007-07,47441,29
Student,United States,2007-08,55375,27
Student,United States,2007-09,47085,27
Student,United States,2007-10,47404,28
Student,United States,2007-11,47102,30
Student,United States,2007-12,44735,28
Student,United States,2008-01,49948,28
Student,United States,2008-02,42204,27
Student,United States,2008-03,56466,28
Student,United States,2008-04,65147,29
Student,United States,2008-05,70850,29
Student,United States,2008-06,68975,30
Student,United States,2008-07,72666,30
Student,United States,2008-08,63336,30
Student,United States,2008-09,61717,28
Student,United States,2008-10,68833,28
Student,United States,2008-11,63292,30
Student,United States,2008-12,60846,31
Student,United States,2009-01,61708,30
Student,United States,2009-02,57675,31
Student,United States,2009-03,61873,30
Student,United States,2009-04,51631,30
Student,United States,2009-05,10532,14
Student,Venezuela,2006-07,1556,1
Student,Venezuela,2006-08,4476,1
Student,Venezuela,2006-09,1230,1
Student,Venezuela,2006-10,995,1
Student,Venezuela,2006-12,3905,1
Student,Venezuela,2007-01,6502,1
Student,Venezuela,2007-02,4647,1
Student,Venezuela,2007-03,5140,1
Student,Venezuela,2007-04,3972,1
Student,Venezuela,2007-05,4347,1
Student,Venezuela,2007-06,4346,1
Student,Venezuela,2007-07,2239,1
Student,Venezuela,2007-08,2278,1
Student,Venezuela,2007-09,4021,1
Student,Venezuela,2007-10,6061,1
Student,Venezuela,2007-11,4975,1
Student,Venezuela,2007-12,6434,1
Student,Venezuela,2008-01,4796,1
Student,Venezuela,2008-02,3809,1
Student,Venezuela,2008-03,4704,1
Student,Venezuela,2008-04,3906,1
Student,Venezuela,2008-05,2572,1
Student,Venezuela,2008-06,3683,1
Student,Venezuela,2008-07,4433,1
Student,Venezuela,2008-08,3833,1
Student,Venezuela,2008-09,4057,1
Student,Venezuela,2008-10,1963,1
Student,Venezuela,2008-11,2225,1
Student,Venezuela,2008-12,2170,1
Student,Venezuela,2009-01,691,1
Student,Venezuela,2009-02,2598,1
Student,Venezuela,2009-03,2265,1
Student,Venezuela,2009-04,3218,1
Student,Venezuela,2009-05,2518,1
